elapsed_s,state,heading,left_cm,front_cm,right_cm,speed,drive_direction,steering,block1_x_cm,block1_z_cm,block1_confidence,block2_x_cm,block2_z_cm,block2_confidence,slot_x_cm,slot_z_cm,slot_heading_deg,slot_bearing_deg,slot_confident
0.312,SEARCH_LAST_PILLAR,-1.0,67,249,218,80,0,20.0,,,,,,,,,,,False
0.422,SEARCH_LAST_PILLAR,0.0,67,249,218,80,0,20.0,,,,,,,,,,,False
0.516,PASS_LAST_PILLAR,-2.0,67,256,216,80,0,20.0,,,,,,,,,,,False
0.594,PASS_LAST_PILLAR,-1.0,69,249,188,80,0,20.0,,,,,,,,,,,False
0.672,PASS_LAST_PILLAR,0.0,67,246,220,80,0,20.0,,,,,,,,,,,False
0.687,PASS_LAST_PILLAR,1.0,67,244,221,80,0,20.0,,,,,,,,,,,False
0.719,PASS_LAST_PILLAR,1.0,67,242,222,80,0,20.0,,,,,,,,,,,False
0.781,PASS_LAST_PILLAR,1.0,66,236,221,80,0,20.0,,,,,,,,,,,False
0.812,PASS_LAST_PILLAR,2.0,66,219,223,80,0,20.0,,,,,,,,,,,False
0.891,PASS_LAST_PILLAR,3.0,66,212,223,80,0,20.0,,,,,,,,,,,False
0.906,PASS_LAST_PILLAR,3.0,65,237,226,80,0,20.0,,,,,,,,,,,False
0.969,PASS_LAST_PILLAR,3.0,66,244,226,80,0,20.0,,,,,,,,,,,False
1.000,PASS_LAST_PILLAR,4.0,65,204,224,80,0,20.0,,,,,,,,,,,False
1.078,PASS_LAST_PILLAR,5.0,66,176,224,80,0,20.0,,,,,,,,,,,False
1.187,PASS_LAST_PILLAR,6.0,67,123,224,80,0,20.0,,,,,,,,,,,False
1.203,PASS_LAST_PILLAR,7.0,66,112,224,80,0,20.0,,,,,,,,,,,False
1.281,PASS_LAST_PILLAR,7.0,65,108,224,80,0,20.0,,,,,,,,,,,False
1.297,PASS_LAST_PILLAR,8.0,70,100,224,80,0,20.0,,,,,,,,,,,False
1.375,PASS_LAST_PILLAR,8.0,65,96,225,80,0,20.0,,,,,,,,,,,False
1.406,PASS_LAST_PILLAR,9.0,65,87,225,80,0,20.0,,,,,,,,,,,False
1.469,PASS_LAST_PILLAR,9.0,64,85,225,80,0,20.0,,,,,,,,,,,False
1.500,PASS_LAST_PILLAR,10.0,67,77,225,80,0,20.0,,,,,,,,,,,False
1.516,PASS_LAST_PILLAR,11.0,65,75,225,80,0,20.0,,,,,,,,,,,False
1.594,PASS_LAST_PILLAR,11.0,70,73,225,80,0,20.0,,,,,,,,,,,False
1.625,PASS_LAST_PILLAR,12.0,71,67,225,80,0,20.0,,,,,,,,,,,False
1.687,PASS_LAST_PILLAR,12.0,73,65,225,80,0,20.0,,,,,,,,,,,False
1.719,PASS_LAST_PILLAR,13.0,74,60,220,80,0,20.0,,,,,,,,,,,False
1.781,PASS_LAST_PILLAR,14.0,75,58,217,80,0,20.0,,,,,,,,,,,False
1.812,PASS_LAST_PILLAR,14.0,75,54,208,80,0,20.0,,,,,,,,,,,False
1.875,PASS_LAST_PILLAR,15.0,76,53,205,80,0,20.0,,,,,,,,,,,False
1.891,PASS_LAST_PILLAR,16.0,77,49,195,80,0,20.0,,,,,,,,,,,False
1.922,PASS_LAST_PILLAR,16.0,77,48,193,80,0,20.0,,,,,,,,,,,False
1.984,PASS_LAST_PILLAR,16.0,78,47,191,80,0,20.0,,,,,,,,,,,False
2.000,PASS_LAST_PILLAR,17.0,78,44,187,80,0,20.0,,,,,,,,,,,False
2.016,PASS_LAST_PILLAR,17.0,79,43,185,80,0,20.0,,,,,,,,,,,False
2.078,PASS_LAST_PILLAR,17.0,79,42,182,80,0,20.0,,,,,,,,,,,False
2.109,PASS_LAST_PILLAR,18.0,80,40,53,80,0,20.0,,,,,,,,,,,False
2.172,PASS_LAST_PILLAR,18.0,80,39,36,80,0,20.0,,,,,,,,,,,False
2.187,PASS_LAST_PILLAR,19.0,81,36,165,80,0,20.0,,,,,,,,,,,False
2.219,PASS_LAST_PILLAR,19.0,82,35,168,80,0,20.0,,,,,,,,,,,False
2.281,PASS_LAST_PILLAR,20.0,82,33,170,80,0,20.0,,,,,,,,,,,False
2.297,PASS_LAST_PILLAR,20.0,83,32,169,80,0,20.0,,,,,,,,,,,False
2.312,PASS_LAST_PILLAR,21.0,83,31,167,80,0,20.0,,,,,,,,,,,False
2.375,PASS_LAST_PILLAR,21.0,84,30,166,80,0,20.0,,,,,,,,,,,False
2.391,PASS_LAST_PILLAR,22.0,84,28,163,80,0,20.0,,,,,,,,,,,False
2.406,SEARCH_FIRST_BOUNDARY,22.0,85,27,162,40,0,-25.0,,,,,,,,,,,False
2.484,SEARCH_FIRST_BOUNDARY,22.0,85,26,161,40,0,-25.0,,,,,,,,,,,False
2.500,SEARCH_FIRST_BOUNDARY,23.0,86,24,158,40,0,-25.0,,,,,,,,,,,False
2.578,SEARCH_FIRST_BOUNDARY,23.0,88,24,152,40,0,-25.0,,,,,,,,,,,False
2.609,SEARCH_FIRST_BOUNDARY,25.0,90,22,148,40,0,-25.0,,,,,,,,,,,False
2.672,SEARCH_FIRST_BOUNDARY,25.0,90,22,149,40,0,-25.0,,,,,,,,,,,False
2.703,SEARCH_FIRST_BOUNDARY,25.0,89,22,152,40,0,-25.0,,,,,,,,,,,False
2.719,SEARCH_FIRST_BOUNDARY,25.0,89,22,153,40,0,-25.0,,,,,,,,,,,False
2.781,SEARCH_FIRST_BOUNDARY,25.0,89,22,153,40,0,-25.0,,,,,,,,,,,False
2.797,SEARCH_FIRST_BOUNDARY,24.0,89,22,156,40,0,-25.0,,,,,,,,,,,False
2.812,SEARCH_FIRST_BOUNDARY,24.0,89,22,157,40,0,-25.0,,,,,,,,,,,False
2.891,SEARCH_FIRST_BOUNDARY,24.0,89,22,158,40,0,-25.0,,,,,,,,,,,False
2.906,SEARCH_FIRST_BOUNDARY,24.0,89,21,162,40,0,-25.0,,,,,,,,,,,False
2.984,SEARCH_FIRST_BOUNDARY,23.0,89,22,163,40,0,-25.0,,,,,,,,,,,False
3.000,SEARCH_FIRST_BOUNDARY,23.0,89,22,166,40,0,-25.0,,,,,,,,,,,False
3.062,SEARCH_FIRST_BOUNDARY,23.0,89,22,168,40,0,-25.0,,,,,,,,,,,False
3.078,SEARCH_FIRST_BOUNDARY,23.0,89,22,173,40,0,-25.0,,,,,,,,,,,False
3.156,SEARCH_FIRST_BOUNDARY,22.0,89,21,173,40,0,-25.0,,,,,,,,,,,False
3.172,SEARCH_FIRST_BOUNDARY,22.0,89,22,175,40,0,-25.0,,,,,,,,,,,False
3.187,SEARCH_FIRST_BOUNDARY,22.0,88,22,179,40,0,-25.0,,,,,,,,,,,False
3.219,SEARCH_FIRST_BOUNDARY,22.0,89,21,180,40,0,-25.0,,,,,,,,,,,False
3.297,SEARCH_FIRST_BOUNDARY,22.0,88,21,180,40,0,-25.0,,,,,,,,,,,False
3.312,SEARCH_FIRST_BOUNDARY,21.0,88,22,185,40,0,-25.0,,,,,,,,,,,False
3.375,SEARCH_FIRST_BOUNDARY,21.0,88,22,186,40,0,-25.0,,,,,,,,,,,False
3.406,SEARCH_FIRST_BOUNDARY,21.0,88,22,184,40,0,-25.0,,,,,,,,,,,False
3.469,SEARCH_FIRST_BOUNDARY,21.0,88,22,184,40,0,-25.0,,,,,,,,,,,False
3.484,SEARCH_FIRST_BOUNDARY,20.0,88,22,59,40,0,-25.0,,,,,,,,,,,False
3.516,SEARCH_FIRST_BOUNDARY,20.0,88,22,57,40,0,-25.0,,,,,,,,,,,False
3.578,SEARCH_FIRST_BOUNDARY,20.0,88,22,55,40,0,-25.0,,,,,,,,,,,False
3.594,SEARCH_FIRST_BOUNDARY,20.0,88,22,55,40,0,-25.0,,,,,,,,,,,False
3.609,SEARCH_FIRST_BOUNDARY,20.0,88,22,55,40,0,-25.0,,,,,,,,,,,False
3.687,SEARCH_FIRST_BOUNDARY,20.0,88,23,55,40,0,-25.0,,,,,,,,,,,False
3.703,SEARCH_FIRST_BOUNDARY,19.0,88,22,56,40,0,-25.0,,,,,,,,,,,False
3.781,SEARCH_FIRST_BOUNDARY,19.0,88,23,56,40,0,-25.0,,,,,,,,,,,False
3.797,SEARCH_FIRST_BOUNDARY,19.0,88,23,56,40,0,-25.0,,,,,,,,,,,False
3.875,SEARCH_FIRST_BOUNDARY,19.0,88,23,56,40,0,-25.0,,,,,,,,,,,False
3.891,SEARCH_FIRST_BOUNDARY,18.0,87,23,65,40,0,-25.0,,,,,,,,,,,False
3.953,SEARCH_FIRST_BOUNDARY,18.0,87,23,73,40,0,-25.0,,,,,,,,,,,False
3.984,SEARCH_FIRST_BOUNDARY,18.0,87,23,110,40,0,-25.0,,,,,,,,,,,False
4.000,SEARCH_FIRST_BOUNDARY,18.0,87,23,111,40,0,-25.0,,,,,,,,,,,False
4.016,SEARCH_FIRST_BOUNDARY,18.0,87,23,112,40,0,-25.0,,,,,,,,,,,False
4.078,SEARCH_FIRST_BOUNDARY,17.0,87,23,114,40,0,-25.0,,,,,,,,,,,False
4.109,SEARCH_FIRST_BOUNDARY,17.0,87,23,139,40,0,-25.0,,,,,,,,,,,False
4.172,SEARCH_FIRST_BOUNDARY,17.0,87,24,157,40,0,-25.0,,,,,,,,,,,False
4.203,SEARCH_FIRST_BOUNDARY,17.0,87,24,202,40,0,-25.0,,,,,,,,,,,False
4.266,SEARCH_FIRST_BOUNDARY,17.0,87,24,216,40,0,-25.0,,,,,,,,,,,False
4.281,SEARCH_FIRST_BOUNDARY,16.0,87,24,218,40,0,-25.0,,,,,,,,,,,False
4.312,SEARCH_FIRST_BOUNDARY,16.0,87,24,218,40,0,-25.0,,,,,,,,,,,False
4.375,SEARCH_FIRST_BOUNDARY,16.0,87,25,219,40,0,-25.0,,,,,,,,,,,False
4.391,SEARCH_FIRST_BOUNDARY,16.0,87,25,217,40,0,-25.0,,,,,,,,,,,False
4.422,SEARCH_FIRST_BOUNDARY,16.0,86,24,218,40,0,-25.0,,,,,,,,,,,False
4.484,SEARCH_FIRST_BOUNDARY,15.0,87,25,217,40,0,-25.0,,,,,,,,,,,False
4.500,SEARCH_FIRST_BOUNDARY,15.0,87,24,218,40,0,-25.0,,,,,,,,,,,False
4.578,SEARCH_FIRST_BOUNDARY,15.0,86,25,218,40,0,-25.0,,,,,,,,,,,False
4.594,SEARCH_FIRST_BOUNDARY,15.0,86,25,217,40,0,-25.0,,,,,,,,,,,False
4.672,SEARCH_FIRST_BOUNDARY,15.0,86,26,217,40,0,-25.0,,,,,,,,,,,False
4.703,SEARCH_FIRST_BOUNDARY,14.0,86,26,216,40,0,-25.0,,,,,,,,,,,False
4.781,SEARCH_FIRST_BOUNDARY,14.0,86,27,217,40,0,-25.0,,,,,,,,,,,False
4.797,SEARCH_FIRST_BOUNDARY,14.0,86,26,215,40,0,-25.0,,,,,,,,,,,False
4.812,SEARCH_FIRST_BOUNDARY,14.0,86,27,216,40,0,-25.0,,,,,,,,,,,False
4.875,SEARCH_FIRST_BOUNDARY,13.0,86,27,215,40,0,-25.0,,,,,,,,,,,False
4.906,SEARCH_FIRST_BOUNDARY,13.0,86,27,214,40,0,-25.0,,,,,,,,,,,False
4.969,SEARCH_FIRST_BOUNDARY,13.0,86,28,215,40,0,-25.0,,,,,,,,,,,False
4.984,SEARCH_FIRST_BOUNDARY,12.0,86,28,214,40,0,-25.0,,,,,,,,,,,False
5.016,SEARCH_FIRST_BOUNDARY,12.0,85,28,213,40,0,-25.0,,,,,,,,,,,False
5.078,SEARCH_FIRST_BOUNDARY,12.0,85,28,214,40,0,-25.0,,,,,,,,,,,False
5.109,SEARCH_FIRST_BOUNDARY,12.0,85,29,214,40,0,-25.0,,,,,,,,,,,False
5.172,SEARCH_FIRST_BOUNDARY,12.0,85,30,213,40,0,-25.0,,,,,,,,,,,False
5.187,SEARCH_FIRST_BOUNDARY,11.0,84,29,213,40,0,-25.0,,,,,,,,,,,False
5.203,SEARCH_FIRST_BOUNDARY,11.0,84,30,213,40,0,-25.0,,,,,,,,,,,False
5.281,SEARCH_FIRST_BOUNDARY,11.0,83,30,213,40,0,-25.0,,,,,,,,,,,False
5.297,SEARCH_FIRST_BOUNDARY,11.0,79,31,212,40,0,-25.0,,,,,,,,,,,False
5.375,SEARCH_FIRST_BOUNDARY,11.0,70,30,212,40,0,-25.0,,,,,,,,,,,False
5.391,SEARCH_FIRST_BOUNDARY,10.0,26,33,212,40,0,-25.0,,,,,,,,,,,False
5.422,SEARCH_FIRST_BOUNDARY,10.0,25,34,212,60,1,40.0,,,,,,,,,,,False
5.500,SEARCH_FIRST_BOUNDARY,10.0,25,33,212,60,1,40.0,,,,,,,,,,,False
5.578,SEARCH_FIRST_BOUNDARY,9.0,24,35,211,60,1,40.0,,,,,,,,,,,False
5.594,SEARCH_FIRST_BOUNDARY,5.0,83,48,211,60,1,40.0,,,,,,,,,,,False
5.625,SEARCH_FIRST_BOUNDARY,5.0,83,52,223,60,1,40.0,,,,,,,,,,,False
5.687,SEARCH_FIRST_BOUNDARY,5.0,83,55,255,60,1,40.0,,,,,,,,,,,False
5.703,SEARCH_FIRST_BOUNDARY,3.0,83,66,209,60,1,40.0,,,,,,,,,,,False
5.766,SEARCH_FIRST_BOUNDARY,3.0,83,74,209,60,1,40.0,,,,,,,,,,,False
5.797,SEARCH_FIRST_BOUNDARY,1.0,82,119,209,60,1,40.0,,,,,,,,,,,False
5.812,SEARCH_FIRST_BOUNDARY,1.0,82,151,209,60,1,40.0,,,,,,,,,,,False
5.875,SEARCH_FIRST_BOUNDARY,1.0,82,172,209,60,1,40.0,,,,,,,,,,,False
5.906,SEARCH_FIRST_BOUNDARY,0.0,82,168,209,60,1,40.0,,,,,,,,,,,False
5.984,SEARCH_FIRST_BOUNDARY,-1.0,82,166,209,60,1,40.0,-102.54,31.17,0.826,,,,,,,,False
6.016,SEARCH_FIRST_BOUNDARY,-2.0,82,205,209,60,1,40.0,-102.54,31.17,0.826,,,,,,,,False
6.109,SEARCH_FIRST_BOUNDARY,-3.0,81,206,209,40,0,-23.0,-99.17,33.29,0.809,,,,,,,,False
6.219,TRACK_OPENING,-5.0,81,207,211,40,0,-23.0,-93.91,36.21,0.793,,,,,,,,False
6.312,TRACK_OPENING,-5.0,81,207,210,40,0,-16.0,-89.17,40.36,0.777,,,,,,,,False
6.391,TRACK_OPENING,-5.0,81,207,209,40,0,-16.0,-83.92,35.78,0.762,,,,,,,,False
6.422,TRACK_OPENING,-5.0,81,206,209,40,0,-16.0,-83.92,35.78,0.762,,,,,,,,False
6.500,TRACK_OPENING,-5.0,81,206,205,40,0,-16.0,-83.84,37.27,0.746,,,,,,,,False
6.594,TRACK_OPENING,-6.0,81,205,173,40,0,-15.0,-83.47,37.26,0.731,,,,,,,,False
6.687,TRACK_OPENING,-6.0,81,205,152,40,0,-15.0,-83.55,37.48,0.717,,,,,,,,False
6.781,TRACK_OPENING,-6.0,81,204,146,40,0,-15.0,-83.36,37.29,0.702,,,,,,,,False
6.812,TRACK_OPENING,-7.0,81,204,180,40,0,-14.0,-83.36,37.29,0.702,,,,,,,,False
6.891,TRACK_OPENING,-7.0,81,202,160,40,0,-14.0,-83.20,37.44,0.688,,,,,,,,False
6.984,TRACK_OPENING,-8.0,81,202,137,40,0,-13.0,-83.00,37.84,0.675,,,,,,,,False
7.016,TRACK_OPENING,-8.0,81,201,94,40,0,-13.0,-83.00,37.84,0.675,,,,,,,,False
7.109,TRACK_OPENING,-8.0,81,201,91,40,0,-13.0,-82.59,38.10,0.661,,,,,,,,False
7.203,TRACK_OPENING,-8.0,81,201,80,40,0,-13.0,-81.87,37.96,0.648,,,,,,,,False
7.297,TRACK_OPENING,-9.0,80,201,66,40,0,-12.0,-81.15,38.17,0.635,,,,,,,,False
7.391,TRACK_OPENING,-10.0,80,200,55,40,0,-11.0,-80.31,38.32,0.622,,,,,,,,False
7.406,TRACK_OPENING,-10.0,80,199,49,40,0,-11.0,-80.31,38.32,0.622,,,,,,,,False
7.500,TRACK_OPENING,-10.0,80,199,46,40,0,-11.0,-79.38,38.43,0.610,,,,,,,,False
7.594,TRACK_OPENING,-11.0,80,199,39,40,0,-10.0,-78.50,38.52,0.600,,,,,,,,False
7.687,TRACK_OPENING,-11.0,80,198,32,40,0,-10.0,-77.51,38.28,0.600,,,,,,,,False
7.719,TRACK_OPENING,-12.0,80,197,27,40,0,-9.0,-77.51,38.28,0.600,,,,,,,,False
7.812,TRACK_OPENING,-12.0,80,198,25,40,0,-9.0,-76.61,38.14,0.600,,,,,,,,False
7.891,TRACK_OPENING,-12.0,80,197,22,40,0,-9.0,-75.77,38.08,0.600,,,,,,,,False
8.000,TRACK_OPENING,-13.0,80,197,18,40,0,-8.0,-74.71,37.48,0.600,,,,,,,,False
8.094,TRACK_OPENING,-13.0,80,196,10,40,0,-8.0,-73.77,37.14,0.600,,,,,,,,False
8.187,TRACK_OPENING,-14.0,80,195,10,40,0,-7.0,-72.84,36.99,0.600,,,,,,,,False
8.203,TRACK_OPENING,-14.0,80,193,11,40,0,-7.0,-72.84,36.99,0.600,,,,,,,,False
8.312,TRACK_OPENING,-14.0,80,194,11,40,0,-7.0,-72.15,36.96,0.600,,,,,,,,False
8.391,TRACK_OPENING,-15.0,80,191,11,40,0,-6.0,-71.41,36.70,0.600,,,,,,,,False
8.484,TRACK_OPENING,-15.0,80,146,11,40,0,-6.0,-70.68,36.59,0.600,,,,,,,,False
8.516,TRACK_OPENING,-16.0,80,106,12,40,0,-5.0,-70.68,36.59,0.600,,,,,,,,False
8.609,TRACK_OPENING,-16.0,80,100,12,40,0,-5.0,-70.02,36.58,0.600,,,,,,,,False
8.703,TRACK_OPENING,-16.0,80,94,11,40,0,-5.0,-69.29,36.32,0.600,,,,,,,,False
8.797,TRACK_OPENING,-17.0,80,93,11,40,0,-4.0,-68.62,36.21,0.600,,,,,,,,False
8.875,TRACK_OPENING,-17.0,79,92,12,40,0,-4.0,-67.96,35.88,0.600,,,,,,,,False
8.906,TRACK_OPENING,-17.0,77,92,12,40,0,-4.0,-67.96,35.88,0.600,,,,,,,,False
8.984,TRACK_OPENING,-17.0,77,91,12,40,0,-4.0,-67.19,35.14,0.600,,,,,,,,False
9.078,TRACK_OPENING,-18.0,71,91,12,40,0,-3.0,-66.54,34.42,0.600,,,,,,,,False
9.109,TRACK_OPENING,-18.0,32,90,12,40,0,-3.0,-66.54,34.42,0.600,,,,,,,,False
9.187,TRACK_OPENING,-18.0,14,90,12,40,0,-3.0,-66.09,34.04,0.600,,,,,,,,False
9.281,TRACK_OPENING,-18.0,15,106,12,60,1,40.0,-65.59,33.89,0.600,,,,,,,,False
9.297,TRACK_OPENING,-19.0,16,126,13,60,1,40.0,-65.59,33.89,0.600,,,,,,,,False
9.375,TRACK_OPENING,-19.0,16,133,13,60,1,40.0,-70.94,35.68,0.769,,,,,,,,False
9.484,TRACK_OPENING,-22.0,15,178,14,60,1,40.0,-72.47,37.50,0.754,,,,,,,,False
9.500,TRACK_OPENING,-23.0,47,187,14,60,1,40.0,-72.47,37.50,0.754,,,,,,,,False
9.594,TRACK_OPENING,-24.0,66,198,14,60,1,40.0,-70.65,41.40,0.739,,,,,,,,False
9.687,TRACK_OPENING,-26.0,79,203,14,60,1,40.0,-66.77,44.30,0.724,,,,,,,,False
9.719,TRACK_OPENING,-27.0,69,204,14,60,1,40.0,-66.77,44.30,0.724,,,,,,,,False
9.797,TRACK_OPENING,-28.0,78,200,14,60,1,40.0,-61.97,46.73,0.710,,,,,,,,False
9.891,TRACK_OPENING,-29.0,79,189,14,60,1,40.0,-57.39,49.82,0.695,,,,,,,,False
9.984,TRACK_OPENING,-31.0,72,177,14,40,0,5.0,-52.62,53.04,0.682,,,,,,,,False
10.078,TRACK_OPENING,-32.0,77,169,13,40,0,6.0,-47.80,56.00,0.668,,,,,,,,False
10.094,TRACK_OPENING,-34.0,88,159,14,40,0,8.0,-47.80,56.00,0.668,,,,,,,,False
10.187,TRACK_OPENING,-34.0,78,161,13,40,0,8.0,-43.16,58.37,0.655,,,,,,,,False
10.203,TRACK_OPENING,-33.0,77,163,14,40,0,7.0,-43.16,58.37,0.655,,,,,,,,False
10.297,TRACK_OPENING,-33.0,84,164,13,40,0,7.0,-40.33,55.88,0.641,,,,,,,,False
10.375,TRACK_OPENING,-32.0,73,167,14,40,0,6.0,-40.61,55.92,0.629,,,,,,,,False
10.406,TRACK_OPENING,-32.0,80,167,14,40,0,6.0,-40.61,55.92,0.629,,,,,,,,False
10.484,TRACK_OPENING,-32.0,80,169,14,40,0,6.0,-41.89,55.01,0.616,,,,,,,,False
10.516,TRACK_OPENING,-31.0,82,170,14,40,0,5.0,-41.89,55.01,0.616,,,,,,,,False
10.594,TRACK_OPENING,-31.0,84,172,14,40,0,5.0,-43.59,53.58,0.604,,,,,,,,False
10.687,TRACK_OPENING,-31.0,75,174,14,40,0,5.0,-45.46,52.23,0.600,,,,,,,,False
10.781,TRACK_OPENING,-30.0,82,176,14,40,0,4.0,-47.22,50.33,0.600,,,,,,,,False
10.875,TRACK_OPENING,-30.0,80,179,15,40,0,4.0,-48.78,48.50,0.600,,,,,,,,False
10.891,TRACK_OPENING,-29.0,76,183,15,40,0,3.0,-48.78,48.50,0.600,,,,,,,,False
10.984,TRACK_OPENING,-29.0,82,184,15,40,0,3.0,-50.15,46.77,0.600,,,,,,,,False
11.000,TRACK_OPENING,-29.0,71,187,15,40,0,3.0,-50.15,46.77,0.600,,,,,,,,False
11.094,TRACK_OPENING,-29.0,81,189,15,40,0,3.0,-51.59,45.48,0.600,,,,,,,,False
11.187,TRACK_OPENING,-28.0,79,192,15,40,0,2.0,-53.15,44.48,0.600,,,,,,,,False
11.297,TRACK_OPENING,-28.0,72,196,15,40,0,2.0,-54.59,43.34,0.600,,,,,,,,False
11.312,TRACK_OPENING,-27.0,64,199,16,40,0,1.0,-54.59,43.34,0.600,,,,,,,,False
11.422,TRACK_OPENING,-27.0,55,199,16,40,0,1.0,-55.66,41.82,0.600,,,,,,,,False
11.500,TRACK_OPENING,-27.0,19,200,16,40,0,1.0,-56.76,40.36,0.600,,,,,,,,False
11.594,TRACK_OPENING,-26.0,14,199,16,40,0,0.0,-57.69,38.66,0.600,,,,,,,,False
11.672,TRACK_OPENING,-26.0,14,198,16,40,0,0.0,-58.69,37.13,0.600,,,,,,,,False
11.703,TRACK_OPENING,-25.0,14,197,16,40,0,-1.0,-58.69,37.13,0.600,,,,,,,,False
11.719,TRACK_OPENING,-25.0,14,197,16,40,0,-1.0,-58.69,37.13,0.600,,,,,,,,False
11.781,TRACK_OPENING,-25.0,14,196,17,40,0,-1.0,-60.78,37.91,0.740,,,,,,,,False
11.797,TRACK_OPENING,-25.0,14,195,16,40,0,-1.0,-60.78,37.91,0.740,,,,,,,,False
11.859,TRACK_OPENING,-25.0,14,195,17,40,0,-1.0,-62.70,37.93,0.746,,,,,,,,False
11.891,TRACK_OPENING,-24.0,13,195,17,40,0,-2.0,-62.70,37.93,0.746,,,,,,,,False
11.906,TRACK_OPENING,-24.0,13,193,17,40,0,-2.0,-62.70,37.93,0.746,,,,,,,,False
11.969,TRACK_OPENING,-24.0,13,193,17,40,0,-2.0,-64.05,36.96,0.735,,,,,,,,False
11.984,TRACK_OPENING,-24.0,13,191,17,40,0,-2.0,-64.05,36.96,0.735,,,,,,,,False
12.062,TRACK_OPENING,-24.0,13,191,17,40,0,-2.0,-65.48,36.10,0.738,,,,,,,,False
12.078,TRACK_OPENING,-24.0,15,190,17,40,0,-2.0,-65.48,36.10,0.738,,,,,,,,False
12.141,TRACK_OPENING,-24.0,15,191,17,40,0,-2.0,-66.32,34.63,0.731,,,,,,,,False
12.172,TRACK_OPENING,-23.0,16,185,17,40,0,-3.0,-66.32,34.63,0.731,,,,,,,,False
12.187,TRACK_OPENING,-23.0,17,185,17,40,0,-3.0,-66.32,34.63,0.731,,,,,,,,False
12.266,TRACK_OPENING,-23.0,26,189,17,40,0,-3.0,-67.22,33.01,0.747,,,,,,,,False
12.281,TRACK_OPENING,-23.0,70,189,17,40,0,-3.0,-67.22,33.01,0.747,,,,,,,,False
12.297,TRACK_OPENING,-23.0,77,189,18,40,0,-3.0,-67.22,33.01,0.747,,,,,,,,False
12.359,TRACK_OPENING,-23.0,77,184,18,40,0,-3.0,-67.99,31.16,0.754,,,,,,,,False
12.375,TRACK_OPENING,-23.0,77,183,18,40,0,-3.0,-67.99,31.16,0.754,,,,,,,,False
12.406,TRACK_OPENING,-23.0,77,186,18,40,0,-3.0,-67.99,31.16,0.754,,,,,,,,False
12.469,TRACK_OPENING,-22.0,77,184,18,40,0,-4.0,-68.51,29.46,0.740,,,,,,,,False
12.500,TRACK_OPENING,-22.0,77,182,18,40,0,-4.0,-68.51,29.46,0.740,,,,,,,,False
12.562,TRACK_OPENING,-22.0,76,183,18,40,0,-4.0,-69.02,27.75,0.744,,,,,,,,False
12.594,TRACK_OPENING,-22.0,76,181,18,40,0,-4.0,-69.02,27.75,0.744,,,,,,,,False
12.609,TRACK_OPENING,-22.0,76,184,18,40,0,-4.0,-69.02,27.75,0.744,,,,,,,,False
12.672,TRACK_OPENING,-22.0,76,182,18,40,0,-4.0,-69.62,26.20,0.745,,,,,,,,False
12.687,TRACK_OPENING,-22.0,76,184,18,40,0,-4.0,-69.62,26.20,0.745,,,,,,,,False
12.750,TRACK_OPENING,-22.0,76,184,18,40,0,-4.0,-70.00,24.53,0.741,,,,,,,,False
12.766,TRACK_OPENING,-22.0,76,181,19,40,0,-4.0,-70.00,24.53,0.741,,,,,,,,False
12.797,TRACK_OPENING,-22.0,76,182,18,40,0,-4.0,-70.00,24.53,0.741,,,,,,,,False
12.859,TRACK_OPENING,-22.0,76,182,19,40,0,-4.0,-70.23,22.70,0.737,,,,,,,,False
12.875,TRACK_OPENING,-21.0,76,181,19,40,0,-5.0,-70.23,22.70,0.737,,,,,,,,False
12.891,TRACK_OPENING,-21.0,75,183,19,40,0,-5.0,-70.23,22.70,0.737,,,,,,,,False
12.953,TRACK_OPENING,-21.0,75,181,19,40,0,-5.0,-70.58,21.11,0.747,,,,,,,,False
12.984,TRACK_OPENING,-21.0,75,181,19,40,0,-5.0,-70.58,21.11,0.747,,,,,,,,False
13.000,TRACK_OPENING,-21.0,75,179,19,65,1,45.0,-70.58,21.11,0.747,,,,,,,,False
13.062,TRACK_OPENING,-21.0,75,181,19,65,1,45.0,-70.88,19.52,0.739,,,,,,,,False
13.078,TRACK_OPENING,-21.0,75,178,19,65,1,45.0,-70.88,19.52,0.739,,,,,,,,False
13.109,TRACK_OPENING,-21.0,75,164,19,65,1,45.0,-70.88,19.52,0.739,,,,,,,,False
13.172,TRACK_OPENING,-22.0,75,179,19,65,1,45.0,-71.83,19.16,0.755,,,,,,,,False
13.187,TRACK_OPENING,-24.0,76,181,20,65,1,45.0,-71.83,19.16,0.755,,,,,,,,False
13.250,TRACK_OPENING,-24.0,76,187,20,65,1,45.0,-70.87,23.24,0.737,,,,,,,,False
13.266,TRACK_OPENING,-26.0,77,191,20,65,1,45.0,-70.87,23.24,0.737,,,,,,,,False
13.297,TRACK_OPENING,-26.0,78,191,20,65,1,45.0,-70.87,23.24,0.737,,,,,,,,False
13.359,TRACK_OPENING,-27.0,76,191,20,65,1,45.0,-67.17,26.71,0.726,,,,,,,,False
13.375,TRACK_OPENING,-28.0,17,180,20,65,1,45.0,-67.17,26.71,0.726,,,,,,,,False
13.391,TRACK_OPENING,-29.0,16,175,20,65,1,45.0,-67.17,26.71,0.726,,,,,,,,False
13.453,TRACK_OPENING,-30.0,15,172,20,65,1,45.0,-61.90,31.14,0.720,,,,,,,,False
13.484,TRACK_OPENING,-31.0,14,166,20,65,1,45.0,-61.90,31.14,0.720,,,,,,,,False
13.500,TRACK_OPENING,-31.0,13,162,20,65,1,45.0,-61.90,31.14,0.720,,,,,,,,False
13.562,TRACK_OPENING,-32.0,13,159,20,65,1,45.0,-56.37,36.02,0.703,,,,,,,,False
13.594,TRACK_OPENING,-33.0,14,150,20,65,1,45.0,-56.37,36.02,0.703,,,,,,,,False
13.656,TRACK_OPENING,-34.0,14,148,20,65,1,45.0,-50.81,40.61,0.719,,,,,,,,False
13.687,TRACK_OPENING,-35.0,15,143,20,65,1,45.0,-50.81,40.61,0.719,,,,,,,,False
13.703,TRACK_OPENING,-36.0,14,140,20,65,1,45.0,-50.81,40.61,0.719,,,,,,,,False
13.781,TRACK_OPENING,-36.0,20,135,20,65,1,45.0,-43.95,40.95,0.704,,,,,,,,False
13.797,TRACK_OPENING,-38.0,66,97,20,40,0,7.0,-43.95,40.95,0.704,,,,,,,,False
13.891,TRACK_OPENING,-38.0,77,98,20,40,0,7.0,-38.02,42.01,0.690,,,,,,,,False
13.969,TRACK_OPENING,-40.0,68,101,21,40,0,9.0,-33.08,43.70,0.676,,,,,,,,False
14.000,TRACK_OPENING,-39.0,86,99,20,40,0,8.0,-33.08,43.70,0.676,,,,,,,,False
14.094,TRACK_OPENING,-38.0,69,98,20,40,0,7.0,-30.11,40.29,0.663,,,,,,,,False
14.172,TRACK_OPENING,-38.0,47,97,21,40,0,7.0,-30.45,39.46,0.650,,,,,,,,False
14.187,TRACK_OPENING,-37.0,22,97,21,40,0,6.0,-30.45,39.46,0.650,,,,,,,,False
14.281,TRACK_OPENING,-37.0,14,97,21,40,0,6.0,-31.99,38.53,0.637,,,,,,,,False
14.312,TRACK_OPENING,-37.0,14,107,21,40,0,6.0,-31.99,38.53,0.637,,,,,,,,False
14.391,TRACK_OPENING,-36.0,14,112,21,40,0,5.0,-33.92,37.32,0.624,,,,,,,,False
14.453,TRACK_OPENING,-36.0,14,135,21,40,0,5.0,-37.39,39.89,0.704,,,,,,,,False
14.484,TRACK_OPENING,-35.0,14,138,21,40,0,4.0,-37.39,39.89,0.704,,,,,,,,False
14.500,TRACK_OPENING,-35.0,14,138,22,40,0,4.0,-37.39,39.89,0.704,,,,,,,,False
14.562,TRACK_OPENING,-35.0,14,139,21,40,0,4.0,-40.27,40.88,0.704,,,,,,,,False
14.578,TRACK_OPENING,-35.0,13,141,21,40,0,4.0,-40.27,40.88,0.704,,,,,,,,False
14.594,TRACK_OPENING,-35.0,13,142,21,40,0,4.0,-40.27,40.88,0.704,,,,,,,,False
14.672,TRACK_OPENING,-34.0,13,142,22,40,0,3.0,-42.86,40.69,0.711,,,,,,,,False
14.687,TRACK_OPENING,-34.0,13,143,22,40,0,3.0,-42.86,40.69,0.711,,,,,,,,False
14.703,TRACK_OPENING,-34.0,13,143,22,40,0,3.0,-42.86,40.69,0.711,,,,,,,,False
14.781,TRACK_OPENING,-34.0,12,144,22,40,0,3.0,-44.81,39.62,0.707,,,,,,,,False
14.797,TRACK_OPENING,-33.0,13,146,22,40,0,2.0,-44.81,39.62,0.707,,,,,,,,False
14.859,TRACK_OPENING,-33.0,14,146,22,40,0,2.0,-46.34,38.23,0.705,,,,,,,,False
14.875,TRACK_OPENING,-33.0,14,147,22,40,0,2.0,-46.34,38.23,0.705,,,,,,,,False
14.906,TRACK_OPENING,-33.0,15,148,22,40,0,2.0,-46.34,38.23,0.705,,,,,,,,False
14.969,TRACK_OPENING,-33.0,15,148,22,40,0,2.0,-47.80,37.09,0.706,,,,,,,,False
15.000,TRACK_OPENING,-33.0,15,148,22,40,0,2.0,-47.80,37.09,0.706,,,,,,,,False
15.062,TRACK_OPENING,-33.0,15,149,22,40,0,2.0,-48.91,35.41,0.709,,,,,,,,False
15.078,TRACK_OPENING,-32.0,24,149,22,40,0,1.0,-48.91,35.41,0.709,,,,,,,,False
15.094,TRACK_OPENING,-32.0,53,150,22,40,0,1.0,-48.91,35.41,0.709,,,,,,,,False
15.172,TRACK_OPENING,-32.0,71,151,23,40,0,1.0,-49.66,33.76,0.707,,,,,,,,False
15.187,TRACK_OPENING,-32.0,71,150,22,40,0,1.0,-49.66,33.76,0.707,,,,,,,,False
15.203,TRACK_OPENING,-32.0,74,151,22,40,0,1.0,-49.66,33.76,0.707,,,,,,,,False
15.266,TRACK_OPENING,-32.0,74,151,23,40,0,1.0,-50.36,32.22,0.707,,,,,,,,False
15.297,TRACK_OPENING,-31.0,79,152,23,40,0,0.0,-50.36,32.22,0.707,,,,,,,,False
15.359,TRACK_OPENING,-31.0,72,152,23,40,0,0.0,-51.25,30.92,0.708,,,,,,,,False
15.375,TRACK_OPENING,-31.0,72,155,23,40,0,0.0,-51.25,30.92,0.708,,,,,,,,False
15.391,TRACK_OPENING,-31.0,72,155,23,40,0,0.0,-51.25,30.92,0.708,,,,,,,,False
15.469,TRACK_OPENING,-31.0,71,155,23,40,0,0.0,-52.13,29.81,0.700,,,,,,,,False
15.484,TRACK_OPENING,-31.0,64,157,23,40,0,0.0,-52.13,29.81,0.700,,,,,,,,False
15.500,TRACK_OPENING,-31.0,69,156,23,40,0,0.0,-52.13,29.81,0.700,,,,,,,,False
15.562,TRACK_OPENING,-30.0,69,157,23,40,0,-1.0,-52.78,28.24,0.701,,,,,,,,False
15.578,TRACK_OPENING,-30.0,73,157,23,40,0,-1.0,-52.78,28.24,0.701,,,,,,,,False
15.656,TRACK_OPENING,-30.0,74,157,23,40,0,-1.0,-53.31,26.57,0.704,,,,,,,,False
15.672,TRACK_OPENING,-30.0,77,160,24,40,0,-1.0,-53.31,26.57,0.704,,,,,,,,False
15.703,TRACK_OPENING,-30.0,76,161,24,40,0,-1.0,-53.31,26.57,0.704,,,,,,,,False
15.766,TRACK_OPENING,-30.0,77,161,23,40,0,-1.0,-54.01,24.89,0.715,,,,,,,,False
15.781,TRACK_OPENING,-29.0,77,163,24,40,0,-2.0,-54.01,24.89,0.715,,,,,,,,False
15.797,TRACK_OPENING,-29.0,76,161,24,40,0,-2.0,-54.01,24.89,0.715,,,,,,,,False
15.859,TRACK_OPENING,-29.0,76,163,24,40,0,-2.0,-54.80,23.18,0.708,,,,,,,,False
15.891,TRACK_OPENING,-29.0,76,165,24,40,0,-2.0,-54.80,23.18,0.708,,,,,,,,False
15.906,TRACK_OPENING,-29.0,76,165,24,40,0,-2.0,-54.80,23.18,0.708,,,,,,,,False
15.969,TRACK_OPENING,-29.0,76,167,24,40,0,-2.0,-55.69,21.57,0.707,,,,,,,,False
16.000,TRACK_OPENING,-28.0,75,166,24,40,0,-3.0,-55.69,21.57,0.707,,,,,,,,False
16.062,TRACK_OPENING,-28.0,75,167,24,40,0,-3.0,-56.58,19.98,0.715,,,,,,,,False
16.078,TRACK_OPENING,-28.0,75,168,25,40,0,-3.0,-56.58,19.98,0.715,,,,,,,,False
16.094,TRACK_OPENING,-28.0,75,168,25,40,0,-3.0,-56.58,19.98,0.715,,,,,,,,False
16.172,TRACK_OPENING,-28.0,74,169,25,40,0,-3.0,-57.46,18.53,0.713,,,,,,,,False
16.187,TRACK_OPENING,-28.0,74,171,25,40,0,-3.0,-57.46,18.53,0.713,,,,,,,,False
16.203,TRACK_OPENING,-28.0,74,170,25,40,0,-3.0,-57.46,18.53,0.713,,,,,,,,False
16.266,TRACK_OPENING,-28.0,74,171,25,40,0,-3.0,-58.25,17.09,0.710,,,,,,,,False
16.297,TRACK_OPENING,-28.0,74,171,25,40,0,-3.0,-58.25,17.09,0.710,,,,,,,,False
16.359,TRACK_OPENING,-27.0,74,171,25,40,0,-4.0,-58.90,15.56,0.711,,,,,,,,False
16.375,TRACK_OPENING,-27.0,73,174,25,40,0,-4.0,-58.90,15.56,0.711,,,,,,,,False
16.391,TRACK_OPENING,-27.0,73,174,25,40,0,-4.0,-58.90,15.56,0.711,,,,,,,,False
16.469,TRACK_OPENING,-27.0,73,175,25,40,0,-4.0,-59.52,14.07,0.713,,,,,,,,False
16.484,TRACK_OPENING,-27.0,73,176,25,40,0,-4.0,-59.52,14.07,0.713,,,,,,,,False
16.562,TRACK_OPENING,-27.0,73,176,25,40,0,-4.0,-60.36,12.75,0.708,,,,,,,,False
16.578,TRACK_OPENING,-26.0,72,178,26,40,0,-5.0,-60.36,12.75,0.708,,,,,,,,False
16.641,TRACK_OPENING,-26.0,72,178,26,40,0,-5.0,-61.22,11.42,0.710,,,,,,,,False
16.656,TRACK_OPENING,-26.0,72,178,26,40,0,-5.0,-61.22,11.42,0.710,,,,,,,,False
16.687,TRACK_OPENING,-26.0,72,177,26,40,0,-5.0,-61.22,11.42,0.710,,,,,,,,False
16.703,TRACK_OPENING,-26.0,71,178,26,40,0,-5.0,-61.22,11.42,0.710,,,,,,,,False
16.766,TRACK_OPENING,-26.0,71,178,26,40,0,-5.0,-61.92,9.77,0.709,,,,,,,,False
16.797,TRACK_OPENING,-26.0,71,178,26,40,0,-5.0,-61.92,9.77,0.709,,,,,,,,False
16.859,TRACK_OPENING,-26.0,71,177,26,70,1,50.0,-62.55,8.04,0.703,,,,,,,,False
16.875,TRACK_OPENING,-26.0,71,177,26,70,1,50.0,-62.55,8.04,0.703,,,,,,,,False
16.891,TRACK_OPENING,-26.0,70,177,26,70,1,50.0,-62.55,8.04,0.703,,,,,,,,False
16.969,TRACK_OPENING,-26.0,70,176,26,70,1,50.0,-63.05,6.39,0.709,,,,,,,,False
16.984,TRACK_OPENING,-27.0,71,171,27,70,1,50.0,-63.05,6.39,0.709,,,,,,,,False
17.047,TRACK_OPENING,-28.0,72,163,27,70,1,50.0,-63.70,7.94,0.665,,,,,,,,False
17.078,TRACK_OPENING,-29.0,73,157,27,70,1,50.0,-63.70,7.94,0.665,,,,,,,,False
17.094,TRACK_OPENING,-30.0,74,153,28,70,1,50.0,-63.70,7.94,0.665,,,,,,,,False
17.156,TRACK_OPENING,-31.0,74,149,28,70,1,50.0,-61.08,11.37,0.682,,,,,,,,False
17.172,TRACK_OPENING,-33.0,76,138,28,70,1,50.0,-61.08,11.37,0.682,,,,,,,,False
17.203,TRACK_OPENING,-34.0,76,134,29,70,1,50.0,-61.08,11.37,0.682,,,,,,,,False
17.266,TRACK_OPENING,-34.0,76,132,29,70,1,50.0,-56.09,15.41,0.685,,,,,,,,False
17.297,TRACK_OPENING,-35.0,70,128,29,70,1,50.0,-56.09,15.41,0.685,,,,,,,,False
17.359,TRACK_OPENING,-36.0,67,124,29,70,1,50.0,-50.40,20.13,0.673,,,,,,,,False
17.375,TRACK_OPENING,-38.0,80,83,29,70,1,50.0,-50.40,20.13,0.673,,,,,,,,False
17.437,TRACK_OPENING,-39.0,68,84,29,70,1,50.0,-44.71,25.28,0.669,,,,,,,,False
17.469,TRACK_OPENING,-40.0,84,86,30,70,1,50.0,-44.71,25.28,0.669,,,,,,,,False
17.484,TRACK_OPENING,-41.0,80,87,30,70,1,50.0,-44.71,25.28,0.669,,,,,,,,False
17.500,TRACK_OPENING,-42.0,84,89,29,70,1,50.0,-44.71,25.28,0.669,,,,,,,,False
17.578,TRACK_OPENING,-42.0,80,91,30,70,1,50.0,-38.88,30.08,0.668,,,,,,,,False
17.594,TRACK_OPENING,-43.0,50,93,30,70,1,50.0,-38.88,30.08,0.668,,,,,,,,False
17.656,TRACK_OPENING,-44.0,15,95,30,70,1,50.0,-33.26,35.23,0.679,,,,,,,,False
17.687,TRACK_OPENING,-46.0,14,100,31,70,1,50.0,-33.26,35.23,0.679,,,,,,,,False
17.750,TRACK_OPENING,-47.0,14,101,31,70,1,50.0,-27.42,39.04,0.677,,,,,,,,False
17.766,TRACK_OPENING,-49.0,14,98,31,40,0,13.0,-27.42,39.04,0.677,,,,,,,,False
17.797,TRACK_OPENING,-49.0,14,96,32,40,0,13.0,-27.42,39.04,0.677,,,,,,,,False
17.859,TRACK_OPENING,-50.0,15,95,32,40,0,14.0,-21.48,42.30,0.673,,,,,,,,False
17.875,TRACK_OPENING,-51.0,16,92,32,40,0,15.0,-21.48,42.30,0.673,,,,,,,,False
17.906,TRACK_OPENING,-51.0,16,93,32,40,0,15.0,-21.48,42.30,0.673,,,,,,,,False
18.000,TRACK_OPENING,-51.0,16,94,32,40,0,15.0,-14.89,36.71,0.660,,,,,,,,False
18.062,TRACK_OPENING,-50.0,15,95,32,40,0,14.0,-13.17,39.62,0.668,,,,,,,,False
18.078,TRACK_OPENING,-49.0,14,96,32,40,0,13.0,-13.17,39.62,0.668,,,,,,,,False
18.141,TRACK_OPENING,-49.0,14,96,32,40,0,13.0,-14.06,40.92,0.663,,,,,,,,False
18.172,TRACK_OPENING,-49.0,13,96,32,40,0,13.0,-14.06,40.92,0.663,,,,,,,,False
18.187,TRACK_OPENING,-49.0,13,97,32,40,0,13.0,-14.06,40.92,0.663,,,,,,,,False
18.250,TRACK_OPENING,-48.0,14,97,32,40,0,12.0,-15.87,40.21,0.655,,,,,,,,False
18.266,TRACK_OPENING,-48.0,14,97,32,40,0,12.0,-15.87,40.21,0.655,,,,,,,,False
18.281,TRACK_OPENING,-48.0,15,98,32,40,0,12.0,-15.87,40.21,0.655,,,,,,,,False
18.297,TRACK_OPENING,-48.0,15,99,32,40,0,12.0,-15.87,40.21,0.655,,,,,,,,False
18.375,TRACK_OPENING,-47.0,15,99,32,40,0,11.0,-18.31,38.86,0.654,,,,,,,,False
18.391,TRACK_OPENING,-47.0,15,100,33,40,0,11.0,-18.31,38.86,0.654,,,,,,,,False
18.453,TRACK_OPENING,-47.0,15,100,33,40,0,11.0,-20.91,37.30,0.659,,,,,,,,False
18.484,TRACK_OPENING,-46.0,15,98,32,40,0,10.0,-20.91,37.30,0.659,,,,,,,,False
18.547,TRACK_OPENING,-46.0,15,98,32,40,0,10.0,-23.53,35.55,0.655,,,,,,,,False
18.562,TRACK_OPENING,-45.0,44,97,32,40,0,9.0,-23.53,35.55,0.655,,,,,,,,False
18.594,TRACK_OPENING,-45.0,74,96,33,40,0,9.0,-23.53,35.55,0.655,,,,,,,,False
18.656,TRACK_OPENING,-45.0,67,96,33,40,0,9.0,-26.09,34.00,0.668,,,,,,,,False
18.687,TRACK_OPENING,-44.0,89,94,32,40,0,8.0,-26.09,34.00,0.668,,,,,,,,False
18.703,TRACK_OPENING,-44.0,83,93,33,40,0,8.0,-26.09,34.00,0.668,,,,,,,,False
18.781,TRACK_OPENING,-44.0,84,93,33,40,0,8.0,-28.21,32.05,0.656,,,,,,,,False
18.797,TRACK_OPENING,-44.0,91,92,32,40,0,8.0,-28.21,32.05,0.656,,,,,,,,False
18.859,TRACK_OPENING,-43.0,80,91,33,40,0,7.0,-30.04,30.22,0.672,,,,,,,,False
18.875,TRACK_OPENING,-43.0,83,90,33,40,0,7.0,-30.04,30.22,0.672,,,,,,,,False
18.953,TRACK_OPENING,-43.0,76,89,33,40,0,7.0,-31.74,28.50,0.661,,,,,,,,False
18.969,TRACK_OPENING,-42.0,72,89,33,40,0,6.0,-31.74,28.50,0.661,,,,,,,,False
18.984,TRACK_OPENING,-42.0,82,88,33,40,0,6.0,-31.74,28.50,0.661,,,,,,,,False
19.047,TRACK_OPENING,-42.0,75,87,33,40,0,6.0,-33.21,26.75,0.650,,,,,,,,False
19.062,TRACK_OPENING,-41.0,67,86,33,40,0,5.0,-33.21,26.75,0.650,,,,,,,,False
19.094,TRACK_OPENING,-41.0,69,86,33,40,0,5.0,-33.21,26.75,0.650,,,,,,,,False
19.156,TRACK_OPENING,-41.0,83,85,33,40,0,5.0,-34.72,25.27,0.660,,,,,,,,False
19.187,TRACK_OPENING,-40.0,70,84,33,40,0,4.0,-34.72,25.27,0.660,,,,,,,,False
19.266,TRACK_OPENING,-40.0,76,83,33,40,0,4.0,-36.20,23.77,0.645,,,,,,,,False
19.281,TRACK_OPENING,-40.0,80,82,33,40,0,4.0,-36.20,23.77,0.645,,,,,,,,False
19.344,TRACK_OPENING,-39.0,73,82,33,40,0,3.0,-37.48,22.26,0.672,,,,,,,,False
19.375,TRACK_OPENING,-39.0,72,81,33,40,0,3.0,-37.48,22.26,0.672,,,,,,,,False
19.391,TRACK_OPENING,-39.0,74,81,33,40,0,3.0,-37.48,22.26,0.672,,,,,,,,False
19.453,TRACK_OPENING,-39.0,74,80,34,40,0,3.0,-38.72,20.72,0.682,,,,,,,,False
19.484,TRACK_OPENING,-38.0,69,79,34,40,0,2.0,-38.72,20.72,0.682,,,,,,,,False
19.500,TRACK_OPENING,-38.0,69,79,34,40,0,2.0,-38.72,20.72,0.682,,,,,,,,False
19.578,TRACK_OPENING,-38.0,68,78,34,40,0,2.0,-39.87,19.05,0.650,,,,,,,,False
19.594,TRACK_OPENING,-38.0,68,78,34,40,0,2.0,-39.87,19.05,0.650,,,,,,,,False
19.656,TRACK_OPENING,-38.0,73,77,34,40,0,2.0,-40.95,17.35,0.674,,,,,,,,False
19.687,TRACK_OPENING,-37.0,62,76,34,40,0,1.0,-40.95,17.35,0.674,,,,,,,,False
19.750,TRACK_OPENING,-37.0,73,76,34,40,0,1.0,-41.80,15.40,0.674,,,,,,,,False
19.766,TRACK_OPENING,-37.0,75,77,34,40,0,1.0,-41.80,15.40,0.674,,,,,,,,False
19.781,TRACK_OPENING,-37.0,75,77,34,40,0,1.0,-41.80,15.40,0.674,,,,,,,,False
19.844,TRACK_OPENING,-37.0,74,76,34,40,0,1.0,-42.66,13.99,0.675,,,,,,,,False
19.875,TRACK_OPENING,-37.0,75,78,34,40,0,1.0,-42.66,13.99,0.675,,,,,,,,False
19.891,TRACK_OPENING,-36.0,75,80,34,40,0,0.0,-42.66,13.99,0.675,,,,,,,,False
19.953,TRACK_OPENING,-36.0,75,82,34,40,0,0.0,-43.51,12.74,0.673,,,,,,,,False
19.969,TRACK_OPENING,-36.0,74,88,34,40,0,0.0,-43.51,12.74,0.673,,,,,,,,False
20.000,TRACK_OPENING,-36.0,74,92,34,40,0,0.0,-43.51,12.74,0.673,,,,,,,,False
20.062,TRACK_OPENING,-36.0,74,95,35,40,0,0.0,-44.34,11.53,0.668,,,,,,,,False
20.078,TRACK_OPENING,-36.0,74,114,35,40,0,0.0,-44.34,11.53,0.668,,,,,,,,False
20.156,TRACK_OPENING,-36.0,73,115,35,40,0,0.0,-45.08,10.14,0.669,,,,,,,,False
20.172,TRACK_OPENING,-35.0,73,116,35,40,0,-1.0,-45.08,10.14,0.669,,,,,,,,False
20.187,TRACK_OPENING,-35.0,73,116,35,40,0,-1.0,-45.08,10.14,0.669,,,,,,,,False
20.266,TRACK_OPENING,-35.0,73,116,35,40,0,-1.0,-45.66,8.42,0.663,,,,,,,,False
20.297,TRACK_OPENING,-35.0,72,117,35,40,0,-1.0,-45.66,8.42,0.663,,,,,,,,False
20.359,TRACK_OPENING,-35.0,72,117,35,40,0,-1.0,-46.28,6.93,0.667,,,,,,,,False
20.375,TRACK_OPENING,-35.0,72,117,35,40,0,-1.0,-46.28,6.93,0.667,,,,,,,,False
20.391,TRACK_OPENING,-35.0,72,118,35,40,0,-1.0,-46.28,6.93,0.667,,,,,,,,False
20.453,TRACK_OPENING,-34.0,72,119,35,40,0,-2.0,-46.87,5.34,0.662,,,,,,,,False
20.484,TRACK_OPENING,-34.0,71,119,35,40,0,-2.0,-46.87,5.34,0.662,,,,,,,,False
20.547,TRACK_OPENING,-34.0,71,120,36,40,0,-2.0,-47.49,3.96,0.661,,,,,,,,False
20.562,TRACK_OPENING,-34.0,70,120,36,40,0,-2.0,-47.49,3.96,0.661,,,,,,,,False
20.594,TRACK_OPENING,-34.0,70,121,35,40,0,-2.0,-47.49,3.96,0.661,,,,,,,,False
20.656,TRACK_OPENING,-34.0,70,120,35,40,0,-2.0,-48.20,2.70,0.664,,,,,,,,False
20.672,TRACK_OPENING,-34.0,70,121,36,40,0,-2.0,-48.20,2.70,0.664,,,,,,,,False
20.687,TRACK_OPENING,-33.0,69,121,36,40,0,-3.0,-48.20,2.70,0.664,,,,,,,,False
20.750,TRACK_OPENING,-33.0,69,121,36,40,0,-3.0,-48.88,1.56,0.658,,,,,,,,False
20.781,TRACK_OPENING,-33.0,69,121,36,75,1,55.0,-48.88,1.56,0.658,,,,,,,,False
20.797,TRACK_OPENING,-33.0,69,121,36,75,1,55.0,-48.88,1.56,0.658,,,,,,,,False
20.859,TRACK_OPENING,-33.0,69,122,36,75,1,55.0,-49.53,0.43,0.659,,,,,,,,False
20.875,TRACK_OPENING,-33.0,68,122,36,75,1,55.0,-49.53,0.43,0.659,,,,,,,,False
20.906,TRACK_OPENING,-33.0,68,122,36,75,1,55.0,-49.53,0.43,0.659,,,,,,,,False
20.969,TRACK_OPENING,-34.0,69,116,37,75,1,55.0,-50.55,0.67,0.672,,,,,,,,False
21.047,TRACK_OPENING,-37.0,72,73,38,75,1,55.0,-48.80,4.58,0.645,,,,,,,,False
21.062,TRACK_OPENING,-39.0,75,73,39,75,1,55.0,-48.80,4.58,0.645,,,,,,,,False
21.078,TRACK_OPENING,-40.0,75,74,40,75,1,55.0,-48.80,4.58,0.645,,,,,,,,False
21.172,TRACK_OPENING,-41.0,71,75,40,75,1,55.0,-42.61,3.88,0.632,,,,,,,,False
21.203,TRACK_OPENING,-43.0,74,81,41,75,1,55.0,-42.61,3.88,0.632,,,,,,,,False
21.281,TRACK_OPENING,-45.0,85,83,41,75,1,55.0,-35.67,5.10,0.619,,,,,,,,False
21.375,TRACK_OPENING,-47.0,85,87,42,75,1,55.0,-28.80,7.27,0.607,,,,,,,,False
21.437,TRACK_OPENING,-50.0,76,83,44,75,1,55.0,-23.79,16.43,0.644,,,,,,,,False
21.469,TRACK_OPENING,-52.0,113,81,46,75,1,55.0,-23.79,16.43,0.644,,,,,,,,False
21.484,TRACK_OPENING,-53.0,99,81,45,75,1,55.0,-23.79,16.43,0.644,,,,,,,,False
21.547,TRACK_OPENING,-54.0,102,80,46,75,1,55.0,-18.59,23.85,0.640,,,,,,,,False
21.578,TRACK_OPENING,-55.0,100,77,48,75,1,55.0,-18.59,23.85,0.640,,,,,,,,False
21.594,TRACK_OPENING,-56.0,100,54,48,75,1,55.0,-18.59,23.85,0.640,,,,,,,,False
21.687,TRACK_OPENING,-57.0,84,52,49,75,1,55.0,-11.93,24.01,0.627,,,,,,,,False
21.781,TRACK_OPENING,-59.0,17,56,51,40,0,18.0,-5.81,24.30,0.615,,,,,,,,False
21.797,TRACK_OPENING,-62.0,16,63,52,40,0,21.0,-5.81,24.30,0.615,,,,,,,,False
21.875,TRACK_OPENING,-63.0,15,65,55,40,0,22.0,-0.21,24.66,0.603,,,,,,,,False
21.937,TRACK_OPENING,-64.0,17,71,57,40,0,23.0,4.70,23.89,0.642,,,,,,,,False
21.969,TRACK_OPENING,-64.0,16,68,55,40,0,23.0,4.70,23.89,0.642,,,,,,,,False
21.984,TRACK_OPENING,-63.0,15,67,55,40,0,22.0,4.70,23.89,0.642,,,,,,,,False
22.047,TRACK_OPENING,-63.0,16,64,54,40,0,22.0,6.30,27.77,0.635,,,,,,,,False
22.078,TRACK_OPENING,-62.0,16,62,55,40,0,21.0,6.30,27.77,0.635,,,,,,,,False
22.094,TRACK_OPENING,-62.0,16,61,53,40,0,21.0,6.30,27.77,0.635,,,,,,,,False
22.187,TRACK_OPENING,-61.0,16,60,54,40,0,20.0,5.91,25.94,0.623,,,,,,,,False
22.281,TRACK_OPENING,-60.0,17,57,53,40,0,19.0,3.98,23.47,0.610,,,,,,,,False
22.344,TRACK_OPENING,-59.0,17,55,51,40,0,18.0,0.14,26.38,0.633,,,,,,,,False
22.359,TRACK_OPENING,-58.0,85,53,51,40,0,17.0,0.14,26.38,0.633,,,,,,,,False
22.391,TRACK_OPENING,-58.0,104,52,51,40,0,17.0,0.14,26.38,0.633,,,,,,,,False
22.469,TRACK_OPENING,-58.0,81,51,50,40,0,17.0,-2.53,22.83,0.620,,,,,,,,False
22.500,TRACK_OPENING,-57.0,111,50,50,40,0,16.0,-2.53,22.83,0.620,,,,,,,,False
22.578,TRACK_OPENING,-56.0,93,50,49,40,0,15.0,-5.24,19.70,0.607,,,,,,,,False
22.641,TRACK_OPENING,-55.0,86,62,48,40,0,14.0,-9.19,22.04,0.637,,,,,,,,False
22.672,TRACK_OPENING,-55.0,107,78,48,40,0,14.0,-9.19,22.04,0.637,,,,,,,,False
22.687,TRACK_OPENING,-54.0,108,77,49,40,0,13.0,-9.19,22.04,0.637,,,,,,,,False
22.750,TRACK_OPENING,-54.0,102,78,48,40,0,13.0,-12.47,23.24,0.639,,,,,,,,False
22.781,TRACK_OPENING,-53.0,83,79,48,40,0,12.0,-12.47,23.24,0.639,,,,,,,,False
22.797,TRACK_OPENING,-53.0,116,79,47,40,0,12.0,-12.47,23.24,0.639,,,,,,,,False
22.859,TRACK_OPENING,-53.0,91,79,47,40,0,12.0,-15.47,23.31,0.636,,,,,,,,False
22.891,TRACK_OPENING,-52.0,96,79,47,40,0,11.0,-15.47,23.31,0.636,,,,,,,,False
22.969,TRACK_OPENING,-52.0,76,80,47,40,0,11.0,-16.42,17.42,0.624,,,,,,,,False
22.984,TRACK_OPENING,-51.0,82,80,46,40,0,10.0,-16.42,17.42,0.624,,,,,,,,False
23.062,TRACK_OPENING,-51.0,75,80,46,40,0,10.0,-18.90,17.94,0.633,,,,,,,,False
23.078,TRACK_OPENING,-50.0,77,80,47,40,0,9.0,-18.90,17.94,0.633,,,,,,,,False
23.172,TRACK_OPENING,-50.0,83,81,46,40,0,9.0,-19.37,13.49,0.621,,,,,,,,False
23.203,TRACK_OPENING,-49.0,76,81,47,40,0,8.0,-19.37,13.49,0.621,,,,,,,,False
23.281,TRACK_OPENING,-49.0,90,82,47,40,0,8.0,-19.98,10.35,0.608,,,,,,,,False
23.375,TRACK_OPENING,-48.0,93,82,46,40,0,7.0,-20.68,8.02,0.600,,,,,,,,False
23.391,TRACK_OPENING,-48.0,71,83,46,40,0,7.0,-20.68,8.02,0.600,,,,,,,,False
23.484,TRACK_OPENING,-48.0,94,84,46,40,0,7.0,-21.55,6.46,0.600,,,,,,,,False
23.547,TRACK_OPENING,-47.0,75,84,46,40,0,6.0,-24.27,9.31,0.643,,,,,,,,False
23.562,TRACK_OPENING,-47.0,77,84,46,40,0,6.0,-24.27,9.31,0.643,,,,,,,,False
23.578,TRACK_OPENING,-47.0,69,84,46,40,0,6.0,-24.27,9.31,0.643,,,,,,,,False
23.656,TRACK_OPENING,-46.0,72,84,46,40,0,5.0,-26.29,10.63,0.640,,,,,,,,False
23.672,TRACK_OPENING,-46.0,79,83,46,40,0,5.0,-26.29,10.63,0.640,,,,,,,,False
23.687,TRACK_OPENING,-46.0,69,83,46,40,0,5.0,-26.29,10.63,0.640,,,,,,,,False
23.781,TRACK_OPENING,-46.0,66,83,46,40,0,5.0,-26.03,6.33,0.627,,,,,,,,False
23.859,TRACK_OPENING,-45.0,73,82,46,40,0,4.0,-26.09,3.19,0.614,,,,,,,,False
23.891,TRACK_OPENING,-45.0,74,80,46,40,0,4.0,-26.09,3.19,0.614,,,,,,,,False
23.969,TRACK_OPENING,-45.0,80,80,46,40,0,4.0,-26.35,0.82,0.602,,,,,,,,False
24.000,TRACK_OPENING,-44.0,60,78,46,40,0,3.0,-26.35,0.82,0.602,,,,,,,,False
24.078,TRACK_OPENING,-44.0,73,78,47,40,0,3.0,-26.93,-0.80,0.600,,,,,,,,False
24.172,TRACK_OPENING,-43.0,73,76,47,40,0,2.0,-27.74,-1.92,0.600,,,,,,,,False
24.187,TRACK_OPENING,-43.0,73,75,46,40,0,2.0,-27.74,-1.92,0.600,,,,,,,,False
24.281,TRACK_OPENING,-43.0,73,74,47,40,0,2.0,-28.65,-2.89,0.600,,,,,,,,False
24.375,TRACK_OPENING,-42.0,72,73,46,40,0,1.0,-29.52,-3.97,0.600,,,,,,,,False
24.391,TRACK_OPENING,-42.0,72,72,46,40,0,1.0,-29.52,-3.97,0.600,,,,,,,,False
24.484,TRACK_OPENING,-42.0,72,72,47,40,0,1.0,-30.41,-4.81,0.600,,,,,,,,False
24.500,TRACK_OPENING,-41.0,71,70,47,40,0,0.0,-30.41,-4.81,0.600,,,,,,,,False
24.594,TRACK_OPENING,-41.0,70,70,47,40,0,0.0,-31.28,-5.67,0.600,-0.83,46.86,0.785,,,,,False
24.672,TRACK_OPENING,-41.0,69,69,48,40,0,0.0,-32.11,-6.55,0.600,-1.47,46.05,0.788,,,,,False
24.750,ALIGN_VIRTUAL_CUTOUT,-40.0,69,67,48,40,0,0.0,-32.62,-10.20,0.669,-2.40,44.41,0.774,-17.514132857322693,17.10325288772583,28.96105821510761,-45.68002196681466,True
24.766,ALIGN_VIRTUAL_CUTOUT,-40.0,68,66,48,40,0,5.0,-32.62,-10.20,0.669,-2.40,44.41,0.774,-17.514132857322693,17.10325288772583,28.96105821510761,-45.68002196681466,True
24.797,ALIGN_VIRTUAL_CUTOUT,-40.0,68,66,48,40,0,5.0,-32.62,-10.20,0.669,-2.40,44.41,0.774,-17.514132857322693,17.10325288772583,28.96105821510761,-45.68002196681466,True
24.859,ALIGN_VIRTUAL_CUTOUT,-40.0,67,66,48,40,0,5.0,-33.19,-13.08,0.670,-3.41,43.01,0.780,-18.30183231830597,14.964999675750732,27.97258147576937,-50.72790002207333,True
24.875,ALIGN_VIRTUAL_CUTOUT,-40.0,67,65,48,40,0,5.0,-33.19,-13.08,0.670,-3.41,43.01,0.780,-18.30183231830597,14.964999675750732,27.97258147576937,-50.72790002207333,True
24.891,ALIGN_VIRTUAL_CUTOUT,-39.0,67,65,48,40,0,4.0,-33.19,-13.08,0.670,-3.41,43.01,0.780,-18.30183231830597,14.964999675750732,27.97258147576937,-50.72790002207333,True
24.984,ALIGN_VIRTUAL_CUTOUT,-39.0,66,65,48,40,0,4.0,-33.84,-15.35,0.657,-4.23,41.93,0.772,-19.033556699752808,13.288585186004639,27.33775750617701,-55.07855822998564,True
25.062,ALIGN_VIRTUAL_CUTOUT,-39.0,65,64,48,40,0,4.0,-34.32,-17.03,0.644,-4.98,40.41,0.768,-19.650824546813965,11.689997673034668,27.055778436747847,-59.252184515505434,True
25.094,ALIGN_VIRTUAL_CUTOUT,-39.0,65,63,48,40,0,4.0,-34.32,-17.03,0.644,-4.98,40.41,0.768,-19.650824546813965,11.689997673034668,27.055778436747847,-59.252184515505434,True
25.156,ALIGN_VIRTUAL_CUTOUT,-39.0,64,63,49,40,0,4.0,-34.57,-19.22,0.668,-5.71,38.23,0.772,-20.142339944839478,9.503600120544434,26.673365602999674,-64.741028254289,True
25.172,ALIGN_VIRTUAL_CUTOUT,-38.0,64,62,49,40,0,3.0,-34.57,-19.22,0.668,-5.71,38.23,0.772,-20.142339944839478,9.503600120544434,26.673365602999674,-64.741028254289,True
25.187,ALIGN_VIRTUAL_CUTOUT,-38.0,63,62,49,40,0,3.0,-34.57,-19.22,0.668,-5.71,38.23,0.772,-20.142339944839478,9.503600120544434,26.673365602999674,-64.741028254289,True
25.281,ALIGN_VIRTUAL_CUTOUT,-38.0,63,61,49,40,0,3.0,-35.28,-20.75,0.655,-6.47,37.69,0.781,-20.873701572418213,8.470376014709473,26.24402128721371,-67.91309136698008,True
25.297,ALIGN_VIRTUAL_CUTOUT,-38.0,63,61,49,40,0,3.0,-35.28,-20.75,0.655,-6.47,37.69,0.781,-20.873701572418213,8.470376014709473,26.24402128721371,-67.91309136698008,True
25.375,ALIGN_VIRTUAL_CUTOUT,-38.0,63,61,49,40,0,3.0,-35.66,-22.38,0.654,-7.35,37.23,0.778,-21.50823473930359,7.4274139404296875,25.40552917571532,-70.94872979888004,True
25.406,ALIGN_VIRTUAL_CUTOUT,-37.0,62,60,49,40,0,2.0,-35.66,-22.38,0.654,-7.35,37.23,0.778,-21.50823473930359,7.4274139404296875,25.40552917571532,-70.94872979888004,True
25.469,ALIGN_VIRTUAL_CUTOUT,-37.0,63,59,49,40,0,2.0,-36.00,-23.98,0.652,-8.15,36.39,0.771,-22.073540687561035,6.2007293701171875,24.76456456665544,-74.30929351713425,True
25.484,ALIGN_VIRTUAL_CUTOUT,-37.0,62,59,49,40,0,2.0,-36.00,-23.98,0.652,-8.15,36.39,0.771,-22.073540687561035,6.2007293701171875,24.76456456665544,-74.30929351713425,True
25.547,ALIGN_VIRTUAL_CUTOUT,-37.0,62,59,49,40,0,2.0,-36.47,-25.50,0.656,-8.92,35.60,0.776,-22.695183753967285,5.0496978759765625,24.265897575100723,-77.45597976867003,True
25.562,ALIGN_VIRTUAL_CUTOUT,-37.0,62,58,49,40,0,2.0,-36.47,-25.50,0.656,-8.92,35.60,0.776,-22.695183753967285,5.0496978759765625,24.265897575100723,-77.45597976867003,True
25.594,ALIGN_VIRTUAL_CUTOUT,-37.0,62,58,49,40,0,2.0,-36.47,-25.50,0.656,-8.92,35.60,0.776,-22.695183753967285,5.0496978759765625,24.265897575100723,-77.45597976867003,True
25.672,ALIGN_VIRTUAL_CUTOUT,-37.0,62,58,50,40,0,2.0,-36.99,-27.12,0.643,-9.58,34.59,0.773,-23.285677909851074,3.7368974685668945,23.94623928031555,-80.8828810998331,True
25.703,ENTER_SPACE,-36.0,61,57,49,40,0,2.0,-36.99,-27.12,0.643,-9.58,34.59,0.773,-23.285677909851074,3.7368974685668945,23.94623928031555,-80.8828810998331,True
25.766,ENTER_SPACE,-36.0,60,57,50,40,0,1.0,-37.31,-28.39,0.649,-10.23,33.42,0.774,-23.769745349884033,2.5127363204956055,23.656466955101862,-83.96558652360781,True
25.797,ENTER_SPACE,-36.0,60,56,50,40,0,1.0,-37.31,-28.39,0.649,-10.23,33.42,0.774,-23.769745349884033,2.5127363204956055,23.656466955101862,-83.96558652360781,True
25.859,ENTER_SPACE,-36.0,60,56,50,40,0,1.0,-37.64,-29.73,0.649,-10.82,32.50,0.777,-24.22782039642334,1.3834199905395508,23.313035749898976,-86.73193264405452,True
25.875,ENTER_SPACE,-36.0,60,55,50,40,0,1.0,-37.64,-29.73,0.649,-10.82,32.50,0.777,-24.22782039642334,1.3834199905395508,23.313035749898976,-86.73193264405452,True
25.937,ENTER_SPACE,-36.0,59,55,50,40,0,1.0,-37.89,-31.22,0.644,-11.35,31.33,0.772,-24.622307777404785,0.05110645294189453,22.99099680140007,-87.67429159138848,True
25.953,ENTER_SPACE,-35.0,59,54,51,40,0,0.0,-37.89,-31.22,0.644,-11.35,31.33,0.772,-24.622307777404785,0.05110645294189453,22.99099680140007,-87.67429159138848,True
25.984,ENTER_SPACE,-35.0,59,54,50,40,0,0.0,-37.89,-31.22,0.644,-11.35,31.33,0.772,-24.622307777404785,0.05110645294189453,22.99099680140007,-87.67429159138848,True
26.062,ENTER_SPACE,-35.0,58,54,50,40,0,0.0,-38.28,-32.56,0.641,-11.98,30.37,0.769,-25.133503913879395,-1.095468521118164,22.682074866997894,-87.72154434115357,True
26.078,ENTER_SPACE,-35.0,59,53,50,40,0,0.0,-38.28,-32.56,0.641,-11.98,30.37,0.769,-25.133503913879395,-1.095468521118164,22.682074866997894,-87.72154434115357,True
26.156,ENTER_SPACE,-35.0,58,53,50,40,0,0.0,-38.59,-34.13,0.642,-12.60,29.57,0.776,-25.591614723205566,-2.281850814819336,22.19343844136565,-87.76228871925721,True
26.172,ENTER_SPACE,-35.0,58,53,51,40,0,0.0,-38.59,-34.13,0.642,-12.60,29.57,0.776,-25.591614723205566,-2.281850814819336,22.19343844136565,-87.76228871925721,True
26.187,ENTER_SPACE,-35.0,58,53,51,40,0,0.0,-38.59,-34.13,0.642,-12.60,29.57,0.776,-25.591614723205566,-2.281850814819336,22.19343844136565,-87.76228871925721,True
26.266,ENTER_SPACE,-35.0,57,53,51,40,0,0.0,-39.00,-35.54,0.643,-13.30,28.74,0.778,-26.14895725250244,-3.3995180130004883,21.794419381355464,-87.80993666213955,True
26.281,ENTER_SPACE,-34.0,57,53,50,40,0,-1.0,-39.00,-35.54,0.643,-13.30,28.74,0.778,-26.14895725250244,-3.3995180130004883,21.794419381355464,-87.80993666213955,True
26.344,ENTER_SPACE,-34.0,57,53,51,40,0,-1.0,-38.71,-37.27,0.630,-13.97,27.73,0.769,-26.340580940246582,-4.7725725173950195,20.837364684473588,-87.82585369158957,True
26.375,ENTER_SPACE,-34.0,56,53,51,40,0,-1.0,-38.71,-37.27,0.630,-13.97,27.73,0.769,-26.340580940246582,-4.7725725173950195,20.837364684473588,-87.82585369158957,True
26.437,ENTER_SPACE,-34.0,56,56,51,40,0,-1.0,-39.38,-38.85,0.637,-14.65,26.64,0.776,-27.015838146209717,-6.106954574584961,20.681786551752737,-87.8801459699958,True
26.453,ENTER_SPACE,-34.0,55,61,51,40,0,-1.0,-39.38,-38.85,0.637,-14.65,26.64,0.776,-27.015838146209717,-6.106954574584961,20.681786551752737,-87.8801459699958,True
26.484,ENTER_SPACE,-33.0,55,64,51,40,0,-2.0,-39.38,-38.85,0.637,-14.65,26.64,0.776,-27.015838146209717,-6.106954574584961,20.681786551752737,-87.8801459699958,True
26.547,ENTER_SPACE,-33.0,55,69,51,40,0,-2.0,-39.11,-40.65,0.625,-15.36,25.44,0.772,-27.236538887023926,-7.602351188659668,19.76861328299794,-87.89730790397658,True
26.562,ENTER_SPACE,-33.0,55,91,51,40,0,-2.0,-39.11,-40.65,0.625,-15.36,25.44,0.772,-27.236538887023926,-7.602351188659668,19.76861328299794,-87.89730790397658,True
26.594,ENTER_SPACE,-33.0,55,93,51,40,0,-2.0,-39.11,-40.65,0.625,-15.36,25.44,0.772,-27.236538887023926,-7.602351188659668,19.76861328299794,-87.89730790397658,True
26.656,ENTER_SPACE,-33.0,54,93,51,40,0,-2.0,-39.86,-42.41,0.635,-16.05,24.38,0.774,-27.958038330078125,-9.015008926391602,19.6202145743803,-87.95152421119137,True
26.672,ENTER_SPACE,-33.0,54,94,51,40,0,-2.0,-39.86,-42.41,0.635,-16.05,24.38,0.774,-27.958038330078125,-9.015008926391602,19.6202145743803,-87.95152421119137,True
26.750,ENTER_SPACE,-33.0,54,94,52,40,0,-2.0,-39.76,-44.25,0.626,-16.81,23.22,0.772,-28.28297996520996,-10.516632080078125,18.782156301943328,-87.97503933268918,True
26.766,ENTER_SPACE,-32.0,53,95,51,40,0,-3.0,-39.76,-44.25,0.626,-16.81,23.22,0.772,-28.28297996520996,-10.516632080078125,18.782156301943328,-87.97503933268918,True
26.781,ENTER_SPACE,-32.0,52,95,52,40,0,-3.0,-39.76,-44.25,0.626,-16.81,23.22,0.772,-28.28297996520996,-10.516632080078125,18.782156301943328,-87.97503933268918,True
26.844,ENTER_SPACE,-32.0,53,95,51,40,0,-3.0,-39.73,-45.97,0.625,-17.41,22.07,0.769,-28.570502281188965,-11.953173637390137,18.15631423951978,-87.99540103149731,True
26.875,ENTER_SPACE,-32.0,53,96,52,40,0,-3.0,-39.73,-45.97,0.625,-17.41,22.07,0.769,-28.570502281188965,-11.953173637390137,18.15631423951978,-87.99540103149731,True
26.891,ENTER_SPACE,-32.0,53,97,51,40,0,-3.0,-39.73,-45.97,0.625,-17.41,22.07,0.769,-28.570502281188965,-11.953173637390137,18.15631423951978,-87.99540103149731,True
26.953,ENTER_SPACE,-32.0,53,97,52,40,0,-3.0,-39.87,-47.59,0.627,-18.10,21.09,0.773,-28.984456062316895,-13.246879577636719,17.587571303393045,-88.02400770042992,True
26.984,ENTER_SPACE,-32.0,52,97,52,40,0,-3.0,-39.87,-47.59,0.627,-18.10,21.09,0.773,-28.984456062316895,-13.246879577636719,17.587571303393045,-88.02400770042992,True
27.078,ENTER_SPACE,-32.0,52,98,52,40,0,-3.0,-40.79,-49.92,0.615,-18.73,20.19,0.774,-29.759297370910645,-14.864767074584961,17.46689899016861,-88.07541730331637,True
27.172,ENTER_SPACE,-31.0,52,98,52,40,0,-4.0,-41.67,-51.44,0.603,-19.46,19.44,0.768,-30.566720008850098,-16.00067901611328,17.395319246993594,-88.12621859526585,True
27.266,ENTER_SPACE,-31.0,51,98,52,40,0,-4.0,-42.41,-52.87,0.600,-20.00,18.56,0.769,-31.20342445373535,-17.151365280151367,17.422313652341344,-88.16442659071672,True
27.281,ENTER_SPACE,-31.0,51,98,52,40,0,-4.0,-42.41,-52.87,0.600,-20.00,18.56,0.769,-31.20342445373535,-17.151365280151367,17.422313652341344,-88.16442659071672,True
27.375,ENTER_SPACE,-31.0,50,99,53,40,0,-4.0,-43.11,-54.29,0.600,-20.52,17.37,0.763,-31.811041831970215,-18.46038246154785,17.497207126462563,-88.19946426791543,True
27.469,ENTER_SPACE,-31.0,50,99,52,40,0,-4.0,-43.64,-55.56,0.600,-20.79,15.50,0.761,-32.21377468109131,-20.029255867004395,17.82132367511562,-88.22195981492308,True
27.484,ENTER_SPACE,-30.0,50,99,53,40,0,-5.0,-43.64,-55.56,0.600,-20.79,15.50,0.761,-32.21377468109131,-20.029255867004395,17.82132367511562,-88.22195981492308,True
27.578,ENTER_SPACE,-30.0,49,99,53,40,0,-5.0,-44.22,-56.58,0.600,-21.28,14.07,0.767,-32.749799728393555,-21.256709098815918,17.983550428658937,-88.25104326693167,True
27.672,ENTER_SPACE,-30.0,49,99,53,40,0,-5.0,-44.79,-57.49,0.600,-21.63,12.99,0.761,-33.211429595947266,-22.24923610687256,18.18908130353825,-88.27533850624224,True
27.687,ENTER_SPACE,-30.0,49,99,53,40,0,-5.0,-44.79,-57.49,0.600,-21.63,12.99,0.761,-33.211429595947266,-22.24923610687256,18.18908130353825,-88.27533850624224,True
27.781,ENTER_SPACE,-30.0,49,99,53,40,0,-5.0,-45.29,-58.40,0.600,-21.95,11.89,0.766,-33.62219715118408,-23.256139755249023,18.37316574057389,-88.29639646787594,True
27.875,ENTER_SPACE,-30.0,48,99,54,40,0,-5.0,-45.81,-59.37,0.600,-22.41,10.76,0.767,-34.10920810699463,-24.30160427093506,18.458146185008232,-88.32070647482611,True
27.891,ENTER_SPACE,-29.0,48,100,54,40,0,-6.0,-45.81,-59.37,0.600,-22.41,10.76,0.767,-34.10920810699463,-24.30160427093506,18.458146185008232,-88.32070647482611,True
27.984,ENTER_SPACE,-29.0,48,99,54,40,0,-6.0,-46.34,-60.48,0.600,-22.81,9.46,0.762,-34.57614707946777,-25.508272647857666,18.59599903948848,-88.34337203260004,True
28.062,ENTER_SPACE,-29.0,48,99,54,40,0,-6.0,-46.81,-61.66,0.600,-23.15,8.19,0.764,-34.97696018218994,-26.732450485229492,18.709870770719284,-88.36234550881593,True
28.094,ENTER_SPACE,-29.0,47,100,54,40,0,-6.0,-46.81,-61.66,0.600,-23.15,8.19,0.764,-34.97696018218994,-26.732450485229492,18.709870770719284,-88.36234550881593,True
28.172,ENTER_SPACE,-29.0,47,100,54,40,0,-6.0,-47.34,-62.77,0.600,-23.57,6.89,0.763,-35.45853042602539,-27.9421489238739,18.842025774009898,-88.38457499521847,True
28.281,ENTER_SPACE,-29.0,47,100,54,40,0,-6.0,-47.84,-63.92,0.600,-24.00,5.79,0.760,-35.91532230377197,-29.062836170196533,18.881411310190824,-88.40511022643236,True
28.359,ENTER_SPACE,-29.0,46,100,55,40,0,-6.0,-48.23,-65.00,0.600,-24.29,4.50,0.761,-36.256991386413574,-30.250038623809814,19.00384595993612,-88.42013207527316,True
28.391,ENTER_SPACE,-28.0,46,99,55,40,0,-7.0,-48.23,-65.00,0.600,-24.29,4.50,0.761,-36.256991386413574,-30.250038623809814,19.00384595993612,-88.42013207527316,True
28.484,ENTER_SPACE,-28.0,46,99,55,40,0,-7.0,-48.55,-65.95,0.600,-24.52,3.32,0.765,-36.53216075897217,-31.312313675880432,19.134347163107872,-88.43202607264634,True
28.578,ENTER_SPACE,-28.0,46,99,55,40,0,-7.0,-48.55,-65.95,0.600,-24.68,1.97,0.758,-36.61480712890625,-31.987206518650055,19.362190274978452,-88.43556351806531,True
28.672,ENTER_SPACE,-28.0,45,99,55,40,0,-7.0,-48.80,-66.75,0.600,-24.93,0.83,0.754,-36.8644495010376,-32.95784795284271,19.457781581941667,-88.44615251426805,True
28.687,ENTER_SPACE,-28.0,45,99,55,40,0,-7.0,-48.80,-66.75,0.600,-24.93,0.83,0.754,-36.8644495010376,-32.95784795284271,19.457781581941667,-88.44615251426805,True
28.781,ENTER_SPACE,-28.0,45,98,56,40,0,-7.0,-49.04,-67.41,0.600,-24.97,-0.38,0.745,-37.006537437438965,-33.89746080338955,19.7563775665325,-88.45211565974661,True
28.875,ENTER_SPACE,-28.0,45,98,55,40,0,-7.0,-49.11,-67.82,0.600,-25.05,-1.76,0.741,-37.078768730163574,-34.78781223297119,20.01830725867416,-88.45512955305291,True
28.891,ENTER_SPACE,-28.0,44,98,56,40,0,-7.0,-49.11,-67.82,0.600,-25.05,-1.76,0.741,-37.078768730163574,-34.78781223297119,20.01830725867416,-88.45512955305291,True
28.984,ENTER_SPACE,-28.0,44,98,57,40,0,-7.0,-48.87,-68.34,0.600,-25.09,-3.57,0.733,-36.98211860656738,-35.95613467693329,20.15965237716446,-88.45109410876796,True
29.078,ENTER_SPACE,-28.0,44,98,57,40,0,-7.0,-48.65,-68.56,0.600,-25.41,-5.31,0.753,-37.030277252197266,-36.93226504325867,20.174301766691215,-88.45310751372335,True
29.172,ENTER_SPACE,-28.0,44,98,57,40,0,-7.0,-48.44,-68.67,0.600,-25.77,-6.82,0.751,-37.10111713409424,-37.74574661254883,20.129720279828543,-88.45605967795201,True
29.187,ENTER_SPACE,-27.0,43,98,57,40,0,-8.0,-48.44,-68.67,0.600,-25.77,-6.82,0.751,-37.10111713409424,-37.74574661254883,20.129720279828543,-88.45605967795201,True
29.281,ENTER_SPACE,-27.0,43,98,57,40,0,-8.0,-48.19,-68.78,0.600,-25.89,-8.25,0.746,-37.03951930999756,-38.51497173309326,20.22097967180203,-88.45349330507277,True
29.375,ENTER_SPACE,-27.0,42,98,57,40,0,-8.0,-47.92,-68.94,0.600,-26.01,-9.82,0.747,-36.9682731628418,-39.381099700927734,20.33912857092971,-88.45051429167388,True
29.391,ENTER_SPACE,-27.0,42,98,58,40,0,-8.0,-47.92,-68.94,0.600,-26.01,-9.82,0.747,-36.9682731628418,-39.381099700927734,20.33912857092971,-88.45051429167388,True
29.484,ENTER_SPACE,-27.0,42,98,58,40,0,-8.0,-47.75,-69.07,0.600,-26.30,-11.36,0.747,-37.02309226989746,-40.21794366836548,20.391719743951644,-88.45280745792773,True
29.578,ENTER_SPACE,-27.0,42,98,57,40,0,-8.0,-47.69,-69.36,0.600,-26.64,-12.85,0.752,-37.165507316589355,-41.1076865196228,20.43687361507206,-88.45873330230782,True
29.656,ENTER_SPACE,-27.0,41,97,58,40,0,-8.0,-47.63,-69.63,0.600,-26.81,-14.54,0.739,-37.22066116333008,-42.081546783447266,20.70040443606029,-88.46101606336482,True
29.687,ENTER_SPACE,-27.0,41,97,59,40,0,-8.0,-47.63,-69.63,0.600,-26.81,-14.54,0.739,-37.22066116333008,-42.081546783447266,20.70040443606029,-88.46101606336482,True
29.781,ENTER_SPACE,-27.0,41,97,59,40,0,-8.0,-47.55,-69.79,0.600,-27.04,-16.05,0.742,-37.294474601745605,-42.918694496154785,20.89271912309328,-88.46406056870538,True
29.875,ENTER_SPACE,-26.0,40,97,59,40,0,-9.0,-47.35,-70.00,0.600,-27.24,-17.57,0.740,-37.29853820800781,-43.78352928161621,20.98544002413317,-88.46422782630123,True
29.953,ENTER_SPACE,-26.0,40,97,58,40,0,-9.0,-47.14,-70.24,0.600,-27.42,-19.08,0.737,-37.279479026794434,-44.660407066345215,21.06869594607522,-88.4634430371306,True
29.984,ENTER_SPACE,-26.0,40,97,59,40,0,-9.0,-47.14,-70.24,0.600,-27.42,-19.08,0.737,-37.279479026794434,-44.660407066345215,21.06869594607522,-88.4634430371306,True
30.062,ENTER_SPACE,-26.0,39,97,59,40,0,-9.0,-46.79,-70.38,0.600,-27.68,-20.25,0.737,-37.2360897064209,-45.31718444824219,20.871568178424976,-88.46165342535055,True
30.156,ENTER_SPACE,-26.0,36,96,59,40,0,-9.0,-46.55,-70.70,0.600,-27.84,-21.85,0.736,-37.194580078125,-46.27220821380615,20.96151672125296,-88.45993743718793,True
30.172,ENTER_SPACE,-26.0,18,95,60,40,0,-9.0,-46.55,-70.70,0.600,-27.84,-21.85,0.736,-37.194580078125,-46.27220821380615,20.96151672125296,-88.45993743718793,True
30.203,ENTER_SPACE,-26.0,17,96,60,40,0,-9.0,-46.55,-70.70,0.600,-27.84,-21.85,0.736,-37.194580078125,-46.27220821380615,20.96151672125296,-88.45993743718793,True
30.297,ENTER_SPACE,-26.0,17,95,60,40,0,-9.0,-46.35,-71.01,0.600,-28.04,-23.33,0.738,-37.19484615325928,-47.17087173461914,21.014021119710016,-88.45994844879452,True
30.375,ENTER_SPACE,-26.0,18,95,60,40,0,-9.0,-46.35,-71.01,0.600,-28.22,-24.73,0.727,-37.28519344329834,-47.8696928024292,21.39723100681188,-88.46367842059618,True
30.469,ENTER_SPACE,-26.0,16,95,61,40,0,-9.0,-46.21,-71.25,0.600,-28.30,-26.22,0.731,-37.25247764587402,-48.73238277435303,21.692730396979435,-88.46232984276217,True
30.562,ENTER_SPACE,-26.0,16,94,61,40,0,-9.0,-46.10,-71.47,0.600,-28.47,-27.35,0.723,-37.28447914123535,-49.40977096557617,21.78549492182915,-88.46364900160597,True
30.578,ENTER_SPACE,-26.0,18,94,61,40,0,-9.0,-46.10,-71.47,0.600,-28.47,-27.35,0.723,-37.28447914123535,-49.40977096557617,21.78549492182915,-88.46364900160597,True
30.672,ENTER_SPACE,-26.0,18,94,61,40,0,-9.0,-45.96,-71.81,0.600,-28.54,-28.55,0.724,-37.25233173370361,-50.18263626098633,21.929463841562274,-88.4623238228149,True
30.766,ENTER_SPACE,-26.0,19,94,62,40,0,-9.0,-45.96,-71.81,0.600,-28.62,-29.75,0.720,-37.29172611236572,-50.77954959869385,22.3988807105616,-88.46394742052848,True
30.797,ENTER_SPACE,-26.0,20,93,61,40,0,-9.0,-45.96,-71.81,0.600,-28.62,-29.75,0.720,-37.29172611236572,-50.77954959869385,22.3988807105616,-88.46394742052848,True
30.875,ENTER_SPACE,-26.0,21,93,61,40,0,-9.0,-45.72,-72.16,0.600,-28.69,-31.09,0.728,-37.20350933074951,-51.622862815856934,22.513873270324808,-88.46030689124414,True
30.953,ENTER_SPACE,-26.0,22,92,62,40,0,-9.0,-45.46,-72.54,0.600,-28.75,-32.44,0.714,-37.10542011260986,-52.49365997314453,22.62541713332499,-88.45623863636241,True
30.984,ENTER_SPACE,-26.0,23,92,62,40,0,-9.0,-45.46,-72.54,0.600,-28.75,-32.44,0.714,-37.10542011260986,-52.49365997314453,22.62541713332499,-88.45623863636241,True
31.062,ENTER_SPACE,-26.0,24,92,62,40,0,-9.0,-45.28,-72.84,0.600,-28.85,-33.76,0.718,-37.064188957214355,-53.301313400268555,22.80255479769516,-88.45452214899366,True
31.094,ENTER_SPACE,-26.0,25,91,62,40,0,-9.0,-45.28,-72.84,0.600,-28.85,-33.76,0.718,-37.064188957214355,-53.301313400268555,22.80255479769516,-88.45452214899366,True
31.172,ENTER_SPACE,-26.0,25,91,62,40,0,-9.0,-45.12,-73.08,0.600,-28.98,-35.11,0.721,-37.04899215698242,-54.09849739074707,23.03593153566742,-88.45388853065897,True
31.297,ENTER_SPACE,-25.0,27,91,75,40,0,-10.0,-45.12,-73.08,0.600,-27.26,-39.57,0.706,-36.188578605651855,-56.324806213378906,28.059863423555836,-88.41714692830274,True
31.406,ENTER_SPACE,-25.0,29,91,237,40,0,-10.0,-45.12,-73.08,0.600,-26.15,-42.67,0.692,-35.6358003616333,-57.8752384185791,31.953691443987335,-88.39260668461085,True
31.516,ENTER_SPACE,-25.0,31,90,266,40,0,-10.0,-45.12,-73.47,0.600,-25.50,-44.82,0.678,-35.31199073791504,-59.14723777770996,34.39747539267414,-88.37787478779464,True
31.641,ENTER_SPACE,-25.0,33,90,274,40,0,-10.0,-45.12,-73.47,0.600,-25.22,-46.33,0.665,-35.17018413543701,-59.89999198913574,36.24412851216318,-88.37133787508365,True
31.750,ENTER_SPACE,-25.0,34,88,278,40,0,-10.0,-45.12,-73.47,0.600,-25.08,-47.63,0.651,-35.09734916687012,-60.551265716552734,37.799374043904585,-88.36795985738189,True
31.859,ENTER_SPACE,-25.0,35,88,277,40,0,-10.0,-45.12,-73.47,0.600,-25.02,-48.76,0.638,-35.06925296783447,-61.1146125793457,39.121379337619906,-88.36665303467899,False
31.969,ENTER_SPACE,-25.0,34,87,275,40,0,-10.0,-45.12,-73.47,0.600,-24.95,-49.86,0.626,-35.03426647186279,-61.66329765319824,40.49903024598796,-88.36502279972413,False
32.078,ENTER_SPACE,-25.0,34,85,275,40,0,-10.0,-45.12,-73.47,0.600,-24.83,-51.45,0.613,-34.97586536407471,-62.46208953857422,42.65504093242172,-88.36229427470354,False
32.187,ENTER_SPACE,-25.0,33,85,273,40,0,-10.0,-45.12,-73.47,0.600,-24.74,-52.98,0.601,-34.93011951446533,-63.22510528564453,44.83893548040648,-88.360150641601,False
32.312,ENTER_SPACE,-25.0,33,84,271,40,0,-10.0,-45.12,-73.47,0.600,-24.69,-54.31,0.600,-34.90617370605469,-63.8922119140625,46.83356671346974,-88.35902631166451,False
32.422,ENTER_SPACE,-25.0,33,82,269,40,0,-10.0,-45.12,-73.47,0.600,-24.67,-55.51,0.600,-34.893935203552246,-64.48895263671875,48.70139856270601,-88.35845108063602,False
32.531,ENTER_SPACE,-25.0,32,82,270,40,0,-10.0,-45.12,-73.47,0.600,-24.64,-56.66,0.600,-34.87919521331787,-65.06338119506836,50.61000560301822,-88.35775773987409,False
32.641,ENTER_SPACE,-25.0,32,81,267,40,0,-10.0,-45.12,-73.47,0.600,-24.62,-57.72,0.600,-34.86832141876221,-65.5942325592041,52.45917789274646,-88.35724588209419,False
32.750,ENTER_SPACE,-25.0,32,80,261,40,0,-10.0,-45.12,-73.47,0.600,-24.58,-58.77,0.600,-34.85136413574219,-66.12006568908691,54.3981509333134,-88.35644702178708,False
32.875,ENTER_SPACE,-25.0,31,79,256,40,0,-10.0,-45.12,-73.47,0.600,-24.54,-59.91,0.600,-34.83134746551514,-66.68951797485352,56.60580274882476,-88.35550303308948,False
32.984,ENTER_SPACE,-25.0,31,78,239,40,0,-10.0,-45.12,-73.47,0.600,-24.43,-61.83,0.600,-34.77634525299072,-67.65089225769043,60.63021995419818,-88.35290353087584,False
33.094,ENTER_SPACE,-25.0,31,77,33,40,0,-10.0,-45.12,-73.47,0.600,-24.35,-63.46,0.600,-34.73306846618652,-68.46687698364258,64.27216003415438,-88.35085241049744,False
33.219,ENTER_SPACE,-25.0,30,77,23,40,0,-10.0,-45.12,-73.47,0.600,-24.26,-64.81,0.600,-34.69102382659912,-69.14004516601562,67.44346362762903,-88.34885479125184,False
33.328,ENTER_SPACE,-25.0,4,76,23,40,0,-10.0,-45.12,-73.47,0.600,-24.21,-66.03,0.600,-34.6668758392334,-69.7517318725586,70.40993978730476,-88.34770528647776,False
33.437,ENTER_SPACE,-25.0,5,75,23,40,0,-10.0,-45.12,-73.47,0.600,-24.19,-67.08,0.600,-34.65286922454834,-70.2766342163086,73.02464274742783,-88.34703780296732,False
33.562,ENTER_SPACE,-25.0,3,74,23,40,0,-10.0,-45.12,-73.47,0.600,-24.16,-68.13,0.600,-34.640268325805664,-70.80160903930664,75.70547941269255,-88.34643684781689,False
33.672,ENTER_SPACE,-26.0,7,73,23,40,0,-9.0,-45.12,-73.47,0.600,-24.22,-69.00,0.600,-34.67184066772461,-71.2341079711914,77.91175670156073,-88.34794175542031,False
33.781,ENTER_SPACE,-27.0,5,70,23,40,0,-8.0,-45.12,-73.47,0.600,-24.02,-68.09,0.600,-34.570390701293945,-70.77864456176758,75.67916436038237,-88.34309633823756,False
33.906,ENTER_SPACE,-27.0,2,69,23,40,0,-8.0,-45.12,-73.47,0.600,-23.68,-67.07,0.600,-34.400336265563965,-70.27144622802734,73.37686981754968,-88.33491020925544,False
34.047,ENTER_SPACE,-28.0,2,70,26,40,0,-7.0,-45.12,-73.47,0.600,-23.58,-64.89,0.600,-34.348740577697754,-69.18067169189453,68.27778301231264,-88.3324104675079,False
34.156,ENTER_SPACE,-29.0,2,68,229,40,0,-6.0,-45.12,-73.47,0.600,-23.12,-62.76,0.600,-34.11952304840088,-68.11780548095703,64.04674545753151,-88.32121386470159,False
34.297,ENTER_SPACE,-29.0,2,68,237,40,0,-6.0,-45.12,-73.47,0.600,-22.44,-60.15,0.600,-33.77808475494385,-66.80965423583984,59.5693386607396,-88.304254084997,False
34.406,ENTER_SPACE,-31.0,4,62,217,40,0,-4.0,-45.12,-73.47,0.600,-21.03,-56.96,0.600,-33.0754337310791,-65.21457862854004,55.566018825247205,-88.26825154534676,False
34.516,ENTER_SPACE,-36.0,4,46,25,40,0,1.0,-45.12,-73.47,0.600,-18.49,-54.83,0.600,-31.805800437927246,-64.15306854248047,55.010388168497194,-88.19916774641241,False
34.641,ENTER_SPACE,-37.0,4,32,25,40,0,2.0,-45.12,-73.47,0.600,-15.88,-53.18,0.600,-30.499306678771973,-63.32647895812988,55.24218455310997,-88.12207989469341,False
34.766,ENTER_SPACE,-37.0,3,31,19,40,0,2.0,-45.12,-73.47,0.600,-14.44,-52.45,0.600,-29.780536651611328,-62.9610595703125,55.57978219433201,-88.076788871756,False
34.875,ENTER_SPACE,-37.0,3,31,21,40,0,2.0,-45.12,-73.47,0.600,-13.79,-52.51,0.600,-29.452956676483154,-62.991844177246094,56.21987352416556,-88.05541497596751,False
35.000,ENTER_SPACE,-37.0,3,31,26,40,0,2.0,-45.12,-73.47,0.600,-13.58,-53.07,0.600,-29.348150730133057,-63.27054786682129,57.10431802455414,-88.04847597774823,False
35.125,ENTER_SPACE,-37.0,4,21,26,40,0,2.0,-45.08,-73.50,0.600,-13.61,-53.30,0.600,-29.348127841949463,-63.39846992492676,57.31127016411515,-88.0484744569595,True
35.234,ENTER_SPACE,-37.0,4,28,26,40,0,2.0,-44.80,-73.15,0.600,-13.73,-53.18,0.600,-29.26118755340576,-63.16829490661621,57.26990997753324,-88.042680624531,True
35.359,ENTER_SPACE,-36.0,4,50,198,40,0,1.0,-44.77,-72.59,0.600,-14.15,-52.29,0.600,-29.458940982818604,-62.44099044799805,56.455295206278976,-88.05580969691002,True
35.484,ENTER_SPACE,-33.0,4,59,216,40,0,-2.0,-45.04,-72.03,0.600,-15.42,-50.40,0.600,-30.22988510131836,-61.21744918823242,53.848966839142115,-88.10535521741038,True
35.609,ENTER_SPACE,-31.0,4,65,232,40,0,-4.0,-45.17,-71.29,0.600,-16.72,-47.75,0.600,-30.945517539978027,-59.51703071594238,50.40477867791412,-88.14913910491626,True
35.719,ENTER_SPACE,-30.0,4,71,74,40,0,-5.0,-45.13,-70.53,0.600,-17.93,-45.37,0.600,-31.534605979919434,-57.953046798706055,47.23098564036194,-88.18369109836199,True
35.844,ENTER_SPACE,-31.0,4,51,33,40,0,-4.0,-44.48,-69.59,0.600,-18.40,-43.01,0.600,-31.43999195098877,-56.29602813720703,44.45970678516246,-88.17822886170588,True
35.953,ENTER_SPACE,-34.0,4,19,110,40,0,-1.0,-42.23,-68.24,0.600,-16.73,-41.59,0.600,-29.481307983398438,-54.91048240661621,43.73401875197299,-88.05728359254545,True
36.062,ENTER_SPACE,-34.0,3,20,71,40,0,-1.0,-39.43,-67.25,0.600,-15.48,-36.12,0.717,-27.454915523529053,-51.688825607299805,37.57043660961874,-87.91401790089391,True
36.156,ENTER_SPACE,-37.0,4,22,92,40,0,2.0,-36.56,-66.93,0.600,-13.65,-33.53,0.719,-25.10540771484375,-50.22672080993652,34.45150544128297,-87.71899714639662,True
36.250,ENTER_SPACE,-39.0,4,24,91,40,0,4.0,-33.76,-65.82,0.600,-10.58,-31.30,0.709,-22.173928260803223,-48.56042289733887,33.88016064580637,-87.41782408273026,True
36.344,ENTER_SPACE,-40.0,4,25,72,40,0,5.0,-31.28,-65.17,0.600,-7.40,-30.63,0.713,-19.3418390750885,-47.897934913635254,34.65286680564813,-87.04036364771028,True
36.469,ENTER_SPACE,-40.0,4,25,59,40,0,5.0,-29.21,-64.89,0.600,-3.76,-33.91,0.698,-16.48497974872589,-49.400774002075195,39.3968837311239,-86.52861839611272,True
36.594,ENTER_SPACE,-43.0,4,27,101,40,0,8.0,-27.05,-64.24,0.600,-0.12,-36.08,0.684,-13.58458350226283,-50.15695381164551,43.72153845187936,-85.78988768923539,True
36.719,ENTER_SPACE,-43.0,4,27,187,40,0,8.0,-26.07,-63.20,0.600,2.70,-37.27,0.671,-11.684895396232605,-50.234554290771484,47.97469511085663,-85.10851314275749,True
36.828,ENTER_SPACE,-43.0,4,27,186,40,0,8.0,-25.86,-62.60,0.600,4.00,-38.21,0.657,-10.929417133331299,-50.40483856201172,50.75859630193373,-84.7722104240966,True
36.937,ENTER_SPACE,-46.0,5,29,78,40,0,11.0,-25.55,-62.38,0.600,4.75,-39.07,0.644,-10.39699411392212,-50.726497650146484,52.43054823708168,-84.50609726476995,True
37.062,ENTER_SPACE,-51.0,2,30,38,40,0,12.0,-24.42,-61.96,0.600,6.16,-39.46,0.631,-9.129138469696045,-50.712881088256836,53.65927341593713,-83.74877991701156,True
37.172,ENTER_SPACE,-51.0,2,31,33,40,0,12.0,-22.22,-61.20,0.600,9.28,-40.88,0.619,-6.472612380981445,-51.03620719909668,57.17369498867465,-81.21740582157193,True
37.297,ENTER_SPACE,-50.0,2,30,36,40,0,12.0,-20.66,-60.66,0.600,10.82,-41.62,0.606,-4.919723987579346,-51.13923263549805,58.83688979699108,-78.51039136993236,True
37.406,ENTER_SPACE,-49.0,1,30,39,40,0,12.0,-20.08,-60.99,0.600,11.22,-42.35,0.600,-4.430565357208252,-51.66899871826172,59.223212649880494,-77.28118445709372,True
37.531,ENTER_SPACE,-48.0,2,28,38,40,0,12.0,-20.25,-61.78,0.600,10.85,-43.07,0.600,-4.696325302124023,-52.424434661865234,58.97065274463502,-77.97939635245592,True
37.656,ENTER_SPACE,-48.0,7,27,38,40,0,12.0,-20.79,-62.84,0.600,10.07,-43.79,0.600,-5.357769012451172,-53.315242767333984,58.31908280147794,-79.42768443454877,True
37.750,ENTER_SPACE,-47.0,9,26,37,40,0,12.0,-22.62,-52.28,0.621,9.21,-44.43,0.600,-6.704043388366699,-48.3574104309082,76.14524507519737,-81.51610149768025,True
37.859,ENTER_SPACE,-46.0,10,24,44,40,0,11.0,-24.23,-46.54,0.608,8.35,-44.96,0.600,-7.941640853881836,-45.74742889404297,87.21602761087811,-82.8231694585859,True
38.016,ENTER_SPACE,-45.0,11,23,142,40,0,10.0,-25.62,-44.34,0.600,7.50,-45.48,0.600,-9.059616327285767,-44.91145133972168,91.9602264720246,-83.70119311299112,True
38.141,ENTER_SPACE,-44.0,12,21,163,40,0,9.0,-25.62,-44.34,0.600,6.39,-46.30,0.600,-9.617376804351807,-45.32394790649414,93.5015710398817,-84.06380502158989,True
38.281,ENTER_SPACE,-44.0,13,19,170,40,0,9.0,-26.76,-44.49,0.600,5.46,-47.02,0.600,-10.648236751556396,-45.75723648071289,94.4956288517699,-84.63495916592365,True
38.391,ENTER_SPACE,-43.0,14,18,173,40,0,8.0,-27.95,-46.94,0.600,4.47,-48.00,0.600,-11.741732358932495,-47.47225379943848,91.87422912559902,-85.13207679220183,True
38.500,ENTER_SPACE,-42.0,16,17,176,40,0,7.0,-28.97,-49.75,0.600,3.67,-48.86,0.600,-12.648205280303955,-49.307477951049805,88.43318686509816,-85.47945018985133,True
38.641,ENTER_SPACE,-41.0,17,16,178,40,0,6.0,-29.75,-52.70,0.600,3.04,-49.62,0.600,-13.351099371910095,-51.159423828125,84.63690227946222,-85.71653290400396,True
38.750,ENTER_SPACE,-41.0,19,14,181,40,0,6.0,-30.45,-55.46,0.600,2.49,-50.31,0.600,-13.976567506790161,-52.88472557067871,81.11851694179866,-85.90755671023803,True
38.859,ENTER_SPACE,-40.0,20,13,183,40,0,5.0,-31.10,-57.99,0.600,1.99,-50.90,0.600,-14.556634187698364,-54.44134521484375,77.9072851213227,-86.07011476383461,True
38.984,ENTER_SPACE,-39.0,21,12,184,40,0,4.0,-31.10,-57.99,0.600,1.32,-51.78,0.600,-14.894175112247467,-54.884803771972656,79.16720034326862,-86.15890654792584,True
39.094,ENTER_SPACE,-39.0,22,11,185,40,0,4.0,-31.10,-57.99,0.600,0.79,-52.55,0.600,-15.157274812459946,-55.26609802246094,80.3184783953973,-86.22538573757824,True
39.203,ENTER_SPACE,-38.0,21,11,189,40,0,3.0,-31.10,-57.99,0.600,0.29,-53.28,0.600,-15.405813574790955,-55.6325626373291,81.47153564285249,-86.28610898043803,False
39.312,ENTER_SPACE,-38.0,20,10,190,40,0,3.0,-31.10,-57.99,0.600,-0.16,-54.04,0.600,-15.631143517792225,-56.01230430603027,82.72826730216045,-86.33949976331509,False
39.422,ENTER_SPACE,-37.0,19,9,193,40,0,2.0,-31.10,-57.99,0.600,-0.55,-54.80,0.600,-15.825788646936417,-56.39545440673828,84.05406719744701,-86.38440095837832,False
39.531,ENTER_SPACE,-37.0,18,8,194,40,0,2.0,-31.10,-57.99,0.600,-0.90,-55.57,0.600,-16.001884877681732,-56.776615142822266,85.41884223781364,-86.42408579179117,False
39.656,ENTER_SPACE,-36.0,18,7,195,40,0,1.0,-31.10,-57.99,0.600,-1.30,-56.38,0.600,-16.20101135969162,-57.181236267089844,86.90623919287466,-86.46792536387053,False
39.766,ENTER_SPACE,-35.0,17,6,197,40,0,0.0,-31.10,-57.99,0.600,-1.73,-57.20,0.600,-16.415266275405884,-57.59576606750488,88.47526990014248,-86.51391217632853,False
39.875,PARALLEL_ALIGN,-35.0,16,5,198,35,1,0.0,-31.10,-57.99,0.600,-2.44,-58.64,0.600,-16.772384524345398,-58.31269073486328,91.3026825390026,-86.58796082720657,False
40.000,PARALLEL_ALIGN,-34.0,16,5,199,35,1,-45.0,-31.10,-57.99,0.600,-3.09,-59.88,0.600,-17.095619797706604,-58.93237495422363,93.86153624812093,-86.65232579373289,False
40.109,PARALLEL_ALIGN,-34.0,16,5,200,35,1,-45.0,-31.10,-57.99,0.600,-3.60,-60.53,0.600,-17.352694749832153,-59.2607421875,95.29266525633209,-86.70181027259149,False
40.219,PARALLEL_ALIGN,-32.0,16,5,213,35,1,-45.0,-31.10,-57.99,0.600,-3.84,-60.84,0.600,-17.4746173620224,-59.41189765930176,95.96895623515486,-86.72477188609147,False
40.328,PARALLEL_ALIGN,-30.0,16,5,217,35,1,-45.0,-31.10,-57.99,0.600,-5.10,-60.49,0.600,-18.10167360305786,-59.23749542236328,95.49416317515262,-86.83799402703092,False
40.453,PARALLEL_ALIGN,-30.0,16,5,208,35,1,-45.0,-31.10,-57.99,0.600,-6.02,-59.98,0.600,-18.56036686897278,-58.98378372192383,94.54422051293975,-86.91598578650859,False
40.578,PARALLEL_ALIGN,-29.0,16,5,45,35,1,-45.0,-31.10,-57.99,0.600,-6.68,-59.32,0.600,-18.89484930038452,-58.655805587768555,93.13633416484066,-86.97047734200733,False
40.687,PARALLEL_ALIGN,-28.0,17,5,37,35,0,45.0,-31.10,-57.99,0.600,-7.35,-58.33,0.600,-19.22974443435669,-58.15750312805176,90.82370574747894,-87.02314218218635,False
40.812,PARALLEL_ALIGN,-27.0,17,6,37,35,0,45.0,-31.10,-57.99,0.600,-7.90,-57.43,0.600,-19.503455877304077,-57.70794105529785,88.62320788033456,-87.06484582489828,False
40.937,PARALLEL_ALIGN,-28.0,17,6,37,35,0,45.0,-31.10,-57.99,0.600,-8.35,-56.63,0.600,-19.725769996643066,-57.306047439575195,86.57650691860145,-87.097868838329,False
41.047,PARALLEL_ALIGN,-31.0,17,6,193,35,0,45.0,-31.10,-57.99,0.600,-6.99,-55.84,0.600,-19.045633792877197,-56.91166687011719,84.90542538300846,-86.99441795516722,False
41.156,PARALLEL_ALIGN,-30.0,17,5,149,35,1,-45.0,-31.10,-57.99,0.600,-6.03,-56.05,0.600,-18.56716251373291,-57.020376205444336,85.5923980242463,-86.91711236847094,False
41.266,PARALLEL_ALIGN,-29.0,16,5,57,35,1,-45.0,-31.10,-57.99,0.600,-5.99,-56.71,0.600,-18.546579122543335,-57.34605598449707,87.07933548247273,-86.91369752455212,False
41.375,PARALLEL_ALIGN,-25.0,16,5,37,35,1,-45.0,-31.10,-57.99,0.600,-7.15,-57.79,0.600,-19.126973628997803,-57.88669395446777,89.52129690664711,-87.0071762807515,False
41.500,PARALLEL_ALIGN,-23.0,16,5,37,35,1,-45.0,-31.10,-57.99,0.600,-9.78,-58.76,0.600,-20.440529346466064,-58.375864028930664,92.0895436427156,-87.1991853315437,False
41.609,PARALLEL_ALIGN,-22.0,16,5,39,35,1,-45.0,-31.10,-57.99,0.600,-11.49,-59.30,0.600,-21.295156955718994,-58.64459800720215,93.83645614944986,-87.31142062078358,False
41.719,PARALLEL_ALIGN,-21.0,16,5,270,35,1,-45.0,-31.10,-57.99,0.600,-12.63,-59.44,0.600,-21.867642879486084,-58.71419143676758,94.50270179216727,-87.38170726293295,False
41.828,PARALLEL_ALIGN,-21.0,16,5,281,35,1,-45.0,-31.10,-57.99,0.600,-13.37,-59.17,0.600,-22.236438751220703,-58.58039665222168,93.82951044213044,-87.42507324392909,False
41.937,PARALLEL_ALIGN,-20.0,17,6,175,35,1,-45.0,-31.10,-57.99,0.600,-13.88,-58.66,0.600,-22.494191646575928,-58.32508087158203,92.24998188079991,-87.45453937592802,False
42.047,PARALLEL_ALIGN,-19.0,17,6,103,35,0,45.0,-31.10,-57.99,0.600,-14.31,-58.03,0.600,-22.70966386795044,-58.00723648071289,90.13967613011286,-87.4786597181149,False
42.156,PARALLEL_ALIGN,-18.0,17,6,83,35,0,45.0,-31.10,-57.99,0.600,-14.72,-57.34,0.600,-22.912986278533936,-57.66367721557617,87.74137595140238,-87.50100478372656,False
42.266,PARALLEL_ALIGN,-18.0,17,6,97,35,0,45.0,-31.10,-57.99,0.600,-15.10,-56.91,0.600,-23.1031436920166,-57.446468353271484,86.13705013366791,-87.52154776469591,False
42.391,PARALLEL_ALIGN,-22.0,17,6,298,35,0,45.0,-31.10,-57.99,0.600,-13.40,-56.19,0.600,-22.253119468688965,-57.08650779724121,84.19270477996334,-87.4270007885773,False
42.500,PARALLEL_ALIGN,-21.0,16,6,297,35,0,45.0,-31.10,-57.99,0.600,-12.69,-56.20,0.600,-21.895229816436768,-57.094186782836914,84.4642497439729,-87.38500160374065,False
42.625,PARALLEL_ALIGN,-20.0,16,5,197,35,1,-45.0,-31.10,-57.99,0.600,-12.80,-56.86,0.600,-21.954742908477783,-57.422080993652344,86.46852046983757,-87.39208032424212,False
42.734,PARALLEL_ALIGN,-18.0,16,5,180,35,1,-45.0,-31.10,-57.99,0.600,-13.38,-57.82,0.600,-22.24211072921753,-57.90487861633301,89.47059901322773,-87.42572899457203,False
42.844,PARALLEL_ALIGN,-17.0,16,5,74,35,1,-45.0,-31.10,-57.99,0.600,-14.30,-58.98,0.600,-22.701414108276367,-58.48516082763672,93.39412436718767,-87.4777446388305,False
42.953,PARALLEL_ALIGN,-12.0,16,5,74,35,1,-45.0,-31.10,-57.99,0.600,-15.87,-60.30,0.600,-23.485341548919678,-59.1437873840332,98.63438134479655,-87.56183274616099,False
43.078,PARALLEL_ALIGN,-11.0,16,5,66,35,1,-45.0,-31.10,-57.99,0.600,-17.88,-60.73,0.600,-24.4934663772583,-59.35932731628418,101.72832337710325,-87.66207135717664,False
43.187,PARALLEL_ALIGN,-10.0,17,5,53,35,1,-45.0,-31.10,-57.99,0.600,-19.16,-60.11,0.600,-25.1321439743042,-59.04730987548828,100.06877002437788,-87.72142118030722,False
43.297,PARALLEL_ALIGN,-9.0,17,5,73,35,1,-45.0,-31.10,-57.99,0.600,-20.03,-59.32,0.600,-25.565351486206055,-58.65528106689453,96.88123918651,-87.75999226320602,False
43.406,PARALLEL_ALIGN,-9.0,17,6,72,35,1,-45.0,-31.10,-57.99,0.600,-20.59,-58.49,0.600,-25.849761962890625,-58.23920440673828,92.75015964975987,-87.78461312265753,False
43.516,PARALLEL_ALIGN,-8.0,17,6,72,35,0,45.0,-31.10,-57.99,0.600,-21.05,-57.84,0.600,-26.079487800598145,-57.912593841552734,89.15434478059231,-87.80410856614694,False
43.609,PARALLEL_ALIGN,-7.0,17,9,72,35,0,45.0,-31.10,-57.99,0.600,-21.47,-57.18,0.600,-26.28936195373535,-57.58102607727051,85.18371629281945,-87.82162192691439,False
43.734,PARALLEL_ALIGN,-7.0,17,10,72,35,0,45.0,-31.10,-57.99,0.600,-21.87,-56.62,0.600,-26.487229347229004,-57.305166244506836,81.60320350121283,-87.83787954939865,False
43.844,PARALLEL_ALIGN,-11.0,17,6,74,35,0,45.0,-31.10,-57.99,0.600,-20.93,-55.97,0.600,-26.01602554321289,-56.97696876525879,78.77626254598177,-87.79875727579422,False
43.937,PARALLEL_ALIGN,-10.0,17,7,73,35,0,45.0,-31.10,-57.99,0.600,-19.62,-55.68,0.600,-25.364413261413574,-56.83136177062988,78.61978347019419,-87.7422650950337,False
44.047,PARALLEL_ALIGN,-9.0,17,8,73,35,0,45.0,-31.10,-57.99,0.600,-19.23,-55.84,0.600,-25.167037963867188,-56.91122055053711,79.73297594348601,-87.72457709698118,False
44.172,PARALLEL_ALIGN,-8.0,17,9,73,35,0,45.0,-31.10,-57.99,0.600,-19.38,-56.57,0.600,-25.24021625518799,-57.280805587768555,83.13593145320746,-87.731167266212,False
44.281,PARALLEL_ALIGN,-7.0,17,13,73,35,0,45.0,-31.10,-57.99,0.600,-20.30,-58.38,0.600,-25.700868606567383,-58.182939529418945,92.07897735140621,-87.77179157695825,False
44.391,PARALLEL_ALIGN,-6.0,17,95,72,35,0,45.0,-31.10,-57.99,0.600,-21.41,-60.20,0.600,-26.256356239318848,-59.091291427612305,102.83341737558013,-87.81888622641075,False
44.484,PARALLEL_ALIGN,-5.0,17,104,72,35,0,45.0,-31.10,-57.99,0.600,-22.45,-61.90,0.600,-26.776835441589355,-59.94414138793945,114.33523988849372,-87.86124222724932,False
44.594,PARALLEL_ALIGN,-3.0,17,103,72,35,0,45.0,-31.10,-57.99,0.600,-23.51,-63.56,0.600,-27.307305335998535,-60.77159118652344,126.2535227231865,-87.90275212491859,False
44.703,PARALLEL_ALIGN,-2.0,17,105,72,35,0,45.0,-31.10,-57.99,0.600,-24.52,-64.90,0.600,-27.810582160949707,-61.444637298583984,136.38811843910594,-87.9406721908319,False
44.812,PARALLEL_ALIGN,-1.0,17,102,72,35,0,45.0,-31.10,-57.99,0.600,-25.52,-66.11,0.600,-28.310490608215332,-62.04694747924805,145.46303162644327,-87.97700544698213,False
44.922,COMPLETE,0.0,17,102,71,0,0,0.0,-31.10,-57.99,0.600,-26.37,-67.35,0.600,-28.73935890197754,-62.67013931274414,153.20260207504563,-88.00716942471855,False
